update,area1,area2,day,spot,ruby,atr,
2023年5月30日,北陸,富山県,,富山駅地下通路,とやまえきちかつうろ,施設,
,北陸,石川県,,小松市民病院,こまつしみんびょういん,病院,
,北陸,石川県,,金沢駅地下街,かなざわえきちかがい,施設,
,北陸,福井県,,北陸新幹線 新北陸トンネル,ほくりくしんかんせん しんほくりくとんねる,鉄道,
,北陸,福井県,,北陸新幹線 武生トンネル,ほくりくしんかんせん たけふとんねる,鉄道,
,北陸,福井県,,北陸新幹線 脇本トンネル,ほくりくしんかんせん わきもととんねる,鉄道,
,東海,岐阜県,,岐阜県総合医療センター,ぎふけんそうごういりょうせんたー,病院,
,東海,岐阜県,,岐阜大学医学部附属病院,ぎふだいがくいがくぶふぞくびょういん,病院,
,東海,岐阜県,,東海道新幹線 山中トンネル,とうかいどうしんかんせん やまなかとんえる,鉄道,
,東海,静岡県,,磐田市立総合病院,いわたしりつそうごうびょういん,病院,
,東海,静岡県,,JR東海東海道本線 新牧ノ原トンネル,じぇいあーるとうかいとうかいどうほんせん しんまきのはらとんねる,鉄道,
,東海,静岡県,,JR東海東海道本線 牧の原トンネル,じぇいあーるとうかいとうかいどうほんせん まきのはらとんねる,鉄道,
,東海,静岡県,,東海道新幹線 下の池トンネル,とうかいどうしんかんせん しものいけとんねる,鉄道,
,東海,静岡県,,東海道新幹線 蒲原トンネル,とうかいどうしんかんせん かんばらとんねる,鉄道,
,東海,静岡県,,東海道新幹線 観音松トンネル,とうかいどうしんかんせん かんのんまつとんねる,鉄道,
,東海,静岡県,,東海道新幹線 菊川トンネル,とうかいどうしんかんせん きくがわとんねる,鉄道,
,東海,静岡県,,東海道新幹線 興津トンネル,とうかいどうしんかんせん おきつとんねる,鉄道,
,東海,静岡県,,東海道新幹線 玉沢トンネル,とうかいどうしんかんせん たまさわとんねる,鉄道,
,東海,静岡県,,東海道新幹線 新丹那トンネル,とうかいどうしんかんせん しんたんなとんねる,鉄道,
,東海,静岡県,,東海道新幹線 石部トンネル,とうかいどうしんかんせん いしべとんねる,鉄道,
,東海,静岡県,,東海道新幹線 切山トンネル,とうかいどうしんかんせん きりやまとんねる,鉄道,
,東海,静岡県,,東海道新幹線 泉越トンネル,とうかいどうしんかんせん いずみごえとんねる,鉄道,
,東海,静岡県,,東海道新幹線 袖師トンネル,とうかいどうしんかんせん そでしとんねる,鉄道,
,東海,静岡県,,東海道新幹線 第一高尾山トンネル,とうかいどうしんかんせん だいいちたかおやまとんねる,鉄道,
,東海,静岡県,,東海道新幹線 第一熱海トンネル,とうかいどうしんかんせん だいいちあたみとんねる,鉄道,
,東海,静岡県,,東海道新幹線 第二高尾山トンネル,とうかいどうしんかんせん だいにたかおやまとんねる,鉄道,
,東海,静岡県,,東海道新幹線 第二熱海トンネル,とうかいどうしんかんせん だいにあたみとんねる,鉄道,
,東海,静岡県,,東海道新幹線 谷田トンネル,とうかいどうしんかんせん たにだとんねる,鉄道,
,東海,静岡県,,東海道新幹線 竹倉トンネル,とうかいどうしんかんせん たけくらとんねる,鉄道,
,東海,静岡県,,東海道新幹線 潮海寺トンネル,とうかいどうしんかんせん ちょうかいじとんねる,鉄道,
,東海,静岡県,,東海道新幹線 日本坂トンネル,とうかいどうしんかんせん にほんざかとんねる,鉄道,
,東海,静岡県,,東海道新幹線 函南トンネル,とうかいどうしんかんせん かんなみとんねる,鉄道,
,東海,静岡県,,東海道新幹線 牧の原トンネル,とうかいどうしんかんせん まきのはらとんねる,鉄道,
,東海,静岡県,,東海道新幹線 由比トンネル,とうかいどうしんかんせん ゆいとんねる,鉄道,
,東海,静岡県,,東海道新幹線 用宗トンネル,とうかいどうしんかんせん もちむねとんねる,鉄道,
,東海,愛知県,,西尾市民病院,にしおしみんびょういん,病院,
,東海,愛知県,,栄駅地下街,さかええきちかがい,施設,
,東海,愛知県,,名古屋駅地下街,なごやえきちかがい,施設,
,東海,愛知県,,近鉄名古屋線 近鉄名古屋駅～米野駅間,きんてつなごやせん きんてつなごやえき～こめのえきかん,鉄道,
,東海,愛知県,,近鉄名古屋線 名古屋駅,きんてつなごやせん なごやえき,鉄道,
,東海,愛知県,,名古屋市営地下鉄桜通線 丸の内駅,なごやしえいちかてつさくらどおりせん まるのうちえき,鉄道,
,東海,愛知県,,名古屋市営地下鉄桜通線 丸の内駅～久屋大通駅間,なごやしえいちかてつさくらどおりせん まるのうちえき～ひさやおおどおりえきかん,鉄道,
,東海,愛知県,,名古屋市営地下鉄桜通線 久屋大通駅,なごやしえいちかてつさくらどおりせん ひさやおおどおりえき,鉄道,
,東海,愛知県,,名古屋市営地下鉄桜通線 久屋大通駅～高岳駅間,なごやしえいちかてつさくらどおりせん ひさやおおどおりえき～たかおかえきかん,鉄道,
,東海,愛知県,,名古屋市営地下鉄桜通線 国際センター駅,なごやしえいちかてつさくらどおりせん こくさいせんたーえき,鉄道,
,東海,愛知県,,名古屋市営地下鉄桜通線 国際センター駅～丸の内駅間,なごやしえいちかてつさくらどおりせん こくさいせんたーえき～まるのうちえきかん,鉄道,
,東海,愛知県,,名古屋市営地下鉄桜通線 太閤通駅,なごやしえいちかてつさくらどおりせん たいこうどおりえき,鉄道,
,東海,愛知県,,名古屋市営地下鉄桜通線 太閤通駅～名古屋駅間,なごやしえいちかてつさくらどおりせん たいこうどおりえき～なごやえきかん,鉄道,
,東海,愛知県,,名古屋市営地下鉄桜通線 名古屋駅,なごやしえいちかてつさくらどおりせん なごやえき,鉄道,
,東海,愛知県,,名古屋市営地下鉄桜通線 名古屋駅～国際センター駅間,なごやしえいちかてつさくらどおりせん なごやえき～こくさいせんたーえきかん,鉄道,
,東海,愛知県,,名古屋市営地下鉄鶴舞線 丸の内駅,なごやしえいちかてつつるまいせん まるのうちえき,鉄道,
,東海,愛知県,,名古屋市営地下鉄鶴舞線 丸の内駅～伏見駅間,なごやしえいちかてつつるまいせん まるのうちえき～ふしみえきかん,鉄道,
,東海,愛知県,,名古屋市営地下鉄鶴舞線 上前津駅,なごやしえいちかてつつるまいせん かみまえづえき,鉄道,
,東海,愛知県,,名古屋市営地下鉄鶴舞線 上前津駅～鶴舞駅間,なごやしえいちかてつつるまいせん かみまえづえき～つるまいえきかん,鉄道,
,東海,愛知県,,名古屋市営地下鉄鶴舞線 浅間町駅～丸の内駅間,なごやしえいちかてつつるまいせん あさまちょうえき～まるのうちえきかん,鉄道,
,東海,愛知県,,名古屋市営地下鉄鶴舞線 大須観音駅,なごやしえいちかてつつるまいせん おおすかんのんえき,鉄道,
,東海,愛知県,,名古屋市営地下鉄鶴舞線 大須観音駅～上前津駅間,なごやしえいちかてつつるまいせん おおすかんのんえき～かみまえづえきかん,鉄道,
,東海,愛知県,,名古屋市営地下鉄鶴舞線 伏見駅,なごやしえいちかてつつるまいせん ふしみえき,鉄道,
,東海,愛知県,,名古屋市営地下鉄鶴舞線 伏見駅～大須観音駅間,なごやしえいちかてつつるまいせん ふしみえき～おおすかんのんえきかん,鉄道,
,東海,愛知県,,名古屋市営地下鉄東山線 一社駅,なごやしえいちかてつひがしやません いっしゃえき,鉄道,
,東海,愛知県,,名古屋市営地下鉄東山線 一社駅～上社駅間,なごやしえいちかてつひがしやません いっしゃえき～かみやしろえきかん,鉄道,
,東海,愛知県,,名古屋市営地下鉄東山線 栄駅,なごやしえいちかてつひがしやません さかええき,鉄道,
,東海,愛知県,,名古屋市営地下鉄東山線 栄駅～新栄町駅間,なごやしえいちかてつひがしやません さかええき～しんさかえまちえきかん,鉄道,
,東海,愛知県,,名古屋市営地下鉄東山線 覚王山駅,なごやしえいちかてつひがしやません かくおうざんえき,鉄道,
,東海,愛知県,,名古屋市営地下鉄東山線 覚王山駅～本山駅間,なごやしえいちかてつひがしやません かくおうざんえき～もとやまえきかん,鉄道,
,東海,愛知県,,名古屋市営地下鉄東山線 亀島駅,なごやしえいちかてつひがしやません かめじまえき,鉄道,
,東海,愛知県,,名古屋市営地下鉄東山線 亀島駅～名古屋駅間,なごやしえいちかてつひがしやません かめしまえき～なごやえきかん,鉄道,
,東海,愛知県,,名古屋市営地下鉄東山線 今池駅,なごやしえいちかてつひがしやません いまいけえき,鉄道,
,東海,愛知県,,名古屋市営地下鉄東山線 今池駅～池下駅間,なごやしえいちかてつひがしやません いまいけえき～いけしたえきかん,鉄道,
,東海,愛知県,,名古屋市営地下鉄東山線 新栄町駅,なごやしえいちかてつひがしやません しんさかえまちえき,鉄道,
,東海,愛知県,,名古屋市営地下鉄東山線 新栄町駅～千種駅間,なごやしえいちかてつひがしやません しんさかえまちえき～ちくさえきかん,鉄道,
,東海,愛知県,,名古屋市営地下鉄東山線 星ヶ丘駅,なごやしえいちかてつひがしやません ほしがおかえき,鉄道,
,東海,愛知県,,名古屋市営地下鉄東山線 星ヶ丘駅～一社駅間,なごやしえいちかてつひがしやません ほしがおかえき～いっしゃえきかん,鉄道,
,東海,愛知県,,名古屋市営地下鉄東山線 千種駅,なごやしえいちかてつひがしやません ちぐさえき,鉄道,
,東海,愛知県,,名古屋市営地下鉄東山線 千種駅～今池駅間,なごやしえいちかてつひがしやません ちぐさえき～いまいけえきかん,鉄道,
,東海,愛知県,,名古屋市営地下鉄東山線 池下駅,なごやしえいちかてつひがしやません いけしたえき,鉄道,
,東海,愛知県,,名古屋市営地下鉄東山線 池下駅～覚王山駅間,なごやしえいちかてつひがしやません いけしたえき～かくおうざんえきかん,鉄道,
,東海,愛知県,,名古屋市営地下鉄東山線 東山公園駅,なごやしえいちかてつひがしやません ひがしやまこうえんえき,鉄道,
,東海,愛知県,,名古屋市営地下鉄東山線 東山公園駅～星ヶ丘駅間,なごやしえいちかてつひがしやません ひがしやまこうえんえき～ほしがおかえきかん,鉄道,
,東海,愛知県,,名古屋市営地下鉄東山線 伏見駅,なごやしえいちかてつひがしやません ふしみえき,鉄道,
,東海,愛知県,,名古屋市営地下鉄東山線 伏見駅～栄駅間,なごやしえいちかてつひがしやません ふしみえき～さかええきかん,鉄道,
,東海,愛知県,,名古屋市営地下鉄東山線 本山駅,なごやしえいちかてつひがしやません もとやまえき,鉄道,
,東海,愛知県,,名古屋市営地下鉄東山線 本山駅～東山公園駅間,なごやしえいちかてつひがしやません もとやまえき～ひがしやまこうえんえきかん,鉄道,
,東海,愛知県,,名古屋市営地下鉄東山線 本陣駅～亀島駅間,なごやしえいちかてつひがしやません ほんじんえき～かめしまえきかん,鉄道,
,東海,愛知県,,名古屋市営地下鉄東山線 名古屋駅,なごやしえいちかてつひがしやません なごやえき,鉄道,
,東海,愛知県,,名古屋市営地下鉄東山線 名古屋駅～伏見駅間,なごやしえいちかてつひがしやません なごやえき～ふしみえきかん,鉄道,
,東海,愛知県,,名古屋市営地下鉄名港線 金山駅,なごやしえいちかてつめいこうせん かなやまえき,鉄道,
,東海,愛知県,,名古屋市営地下鉄名港線 金山駅～日比野駅間,なごやしえいちかてつめいこうせん かなやまえき～ひびのえきかん,鉄道,
,東海,愛知県,,名古屋市営地下鉄名港線 港区役所駅,なごやしえいちかてつめいこうせん みなとくやくしょえき,鉄道,
,東海,愛知県,,名古屋市営地下鉄名港線 港区役所駅～築地口駅間,なごやしえいちかてつめいこうせん みなとくやくしょえき～つきじぐちえきかん,鉄道,
,東海,愛知県,,名古屋市営地下鉄名港線 築地口駅,なごやしえいちかてつめいこうせん つきじぐちえき,鉄道,
,東海,愛知県,,名古屋市営地下鉄名港線 築地口駅～名古屋港駅間,なごやしえいちかてつめいこうせん つきじぐちえき～なごやこうえきかん,鉄道,
,東海,愛知県,,名古屋市営地下鉄名港線 東海通駅,なごやしえいちかてつめいこうせん とうかいどおりえき,鉄道,
,東海,愛知県,,名古屋市営地下鉄名港線 東海通駅～港区役所駅間,なごやしえいちかてつめいこうせん とうかいどおりえき～みなとくやくしょえきかん,鉄道,
,東海,愛知県,,名古屋市営地下鉄名港線 日比野駅,なごやしえいちかてつめいこうせん ひびのえき,鉄道,
,東海,愛知県,,名古屋市営地下鉄名港線 日比野駅～六番町駅間,なごやしえいちかてつめいこうせん ひびのえき～ろくばんちょうえきかん,鉄道,
,東海,愛知県,,名古屋市営地下鉄名港線 名古屋港駅,なごやしえいちかてつめいこうせん なごやこうえき,鉄道,
,東海,愛知県,,名古屋市営地下鉄名港線 六番町駅,なごやしえいちかてつめいこうせん ろくばんちょうえき,鉄道,
,東海,愛知県,,名古屋市営地下鉄名港線 六番町駅～東海通駅間,なごやしえいちかてつめいこうせん ろくばんちょうえき～とうかいどおりえきかん,鉄道,
,東海,愛知県,,名古屋市営地下鉄名城線 栄駅,なごやしえいちかてつめいじょうせん さかええき,鉄道,
,東海,愛知県,,名古屋市営地下鉄名城線 栄駅～久屋大通駅間,なごやしえいちかてつめいじょうせん さかええき～ひさやおおどおりえきかん,鉄道,
,東海,愛知県,,名古屋市営地下鉄名城線 久屋大通駅,なごやしえいちかてつめいじょうせん ひさやおおどおりえき,鉄道,
,東海,愛知県,,名古屋市営地下鉄名城線 久屋大通駅～名古屋城駅間,なごやしえいちかてつめいじょうせん ひさやおおどおりえき～なごやじょうえきかん,鉄道,
,東海,愛知県,,名古屋市営地下鉄名城線 金山駅,なごやしえいちかてつめいじょうせん かなやまえき,鉄道,
,東海,愛知県,,名古屋市営地下鉄名城線 金山駅～東別院駅間,なごやしえいちかてつめいじょうせん かなやまえき～ひがしべついんえきかん,鉄道,
,東海,愛知県,,名古屋市営地下鉄名城線 自由ヶ丘駅～本山駅間,なごやしえいちかてつめいじょうせん じゆうがおかえき～もとやまえきかん,鉄道,
,東海,愛知県,,名古屋市営地下鉄名城線 上前津駅,なごやしえいちかてつめいじょうせん かみまえづえき,鉄道,
,東海,愛知県,,名古屋市営地下鉄名城線 上前津駅～矢場町駅間,なごやしえいちかてつめいじょうせん かみまえづえき～やばちょうえきかん,鉄道,
,東海,愛知県,,名古屋市営地下鉄名城線 西高蔵駅,なごやしえいちかてつめいじょうせん にしたかくらえき,鉄道,
,東海,愛知県,,名古屋市営地下鉄名城線 西高蔵駅～金山駅間,なごやしえいちかてつめいじょうせん にしたかくらえき～かなやまえきかん,鉄道,
,東海,愛知県,,名古屋市営地下鉄名城線 東別院駅,なごやしえいちかてつめいじょうせん ひがしべついんえき,鉄道,
,東海,愛知県,,名古屋市営地下鉄名城線 東別院駅～上前津駅間,なごやしえいちかてつめいじょうせん ひがしべついんえき～かみまえづえきかん,鉄道,
,東海,愛知県,,名古屋市営地下鉄名城線 熱田神宮西駅,なごやしえいちかてつめいじょうせん あつたじんぐうにしえき,鉄道,
,東海,愛知県,,名古屋市営地下鉄名城線 熱田神宮西駅～西高蔵駅間,なごやしえいちかてつめいじょうせん あつたじんぐうにしえき～にしたかくらえきかん,鉄道,
,東海,愛知県,,名古屋市営地下鉄名城線 熱田神宮伝馬町駅～熱田神宮西駅間,なごやしえいちかてつめいじょうせん あつたじんぐうてんまちょうえき～あつたじんぐうにしえきかん,鉄道,
,東海,愛知県,,名古屋市営地下鉄名城線 本山駅,なごやしえいちかてつめいじょうせん もとやまえき,鉄道,
,東海,愛知県,,名古屋市営地下鉄名城線 本山駅～名古屋大学駅間,なごやしえいちかてつめいじょうせん もとやまえき～なごやだいがくえきかん,鉄道,
,東海,愛知県,,名古屋市営地下鉄名城線 名古屋城駅,なごやしえいちかてつめいじょうせん なごやじょうえき,鉄道,
,東海,愛知県,,名古屋市営地下鉄名城線 名古屋城駅～名城公園駅間,なごやしえいちかてつめいじょうせん なごやじょうえき～めいじょうこうえんえきかん,鉄道,
,東海,愛知県,,名古屋市営地下鉄名城線 矢場町駅,なごやしえいちかてつめいじょうせん やばちょうえき,鉄道,
,東海,愛知県,,名古屋市営地下鉄名城線 矢場町駅～栄駅間,なごやしえいちかてつめいじょうせん やばちょうえき～さかええきかん,鉄道,
,東海,愛知県,,名鉄瀬戸線 栄町駅,めいてつせとせん さかえまちえき,鉄道,
,東海,愛知県,,名鉄瀬戸線 栄町駅～東大手駅間,めいてつせとせん さかえまちえき～ひがしおおてえきかん,鉄道,
,東海,愛知県,,名鉄瀬戸線 東大手駅,めいてつせとせん ひがしおおてえき,鉄道,
,東海,愛知県,,名鉄瀬戸線 東大手駅～清水駅間,めいてつせとせん ひがしおおてえき～しみずえきかん,鉄道,
,東海,愛知県,,名鉄名古屋本線 山王駅～名鉄名古屋駅間,めいてつなごやほんせん さんのうえき～めいてつなごやえきかん,鉄道,
,東海,愛知県,,名鉄名古屋本線 名古屋駅,めいてつなごやほんせん なごやえき,鉄道,
,東海,愛知県,,名鉄名古屋本線 名鉄名古屋駅～栄生駅間,めいてつなごやほんせん めいてつなごやえき～さこうえきかん,鉄道,
,東海,愛知県,,東海道新幹線 羽角トンネル,とうかいどうしんかんせん はすみとんねる,鉄道,
,東海,愛知県,,東海道新幹線 永野トンネル,とうかいどうしんかんせん ながのとんねる,鉄道,
,東海,愛知県,,東海道新幹線 坂野坂トンネル,とうかいどうしんかんせん さのざかとんねる,鉄道,
,東海,三重県,,近鉄大阪線 寒谷トンネル,きんてつおおさかせん さむたにとんねる,鉄道,
,東海,三重県,,近鉄大阪線 新三軒家トンネル,きんてつおおさかせん しんさんげんやとんねる,鉄道,
,関西,滋賀県,,東海道新幹線 横山トンネル,とうかいどうしんかんせん よこやまとんねる,鉄道,
,関西,滋賀県,,東海道新幹線 音羽山トンネル,とうかいどうしんかんせん おとわやまとんねる,鉄道,
,関西,滋賀県,,東海道新幹線 関ヶ原トンネル,とうかいどうしんかんせん せきがはらとんねる,鉄道,
,関西,京都府,,市立福知山市民病院,しりつふくちやましみんびょういん,病院,
,関西,京都府,,JR西日本東海道本線（湖西線） 東山トンネル,じぇいあーるにしにほんこせいせん ひがしやまとんねる,鉄道,
,関西,京都府,,東海道新幹線 東山トンネル,とうかいどうしんかんせん ひがしやまとんねる,鉄道,
,関西,京都府,,北大河原トンネル,きたおおかわらとんねる,トンネル,
,関西,大阪府,,ＮＡＭＢＡなんなん,なんばなんなん,施設,
,関西,大阪府,,あべちか,あべちか,施設,
,関西,大阪府,,なんばＣＩＴＹ南館,なんばしてぃみなみかん,施設,
,関西,大阪府,,なんばＣＩＴＹ本館,なんばしてぃほんかん,施設,
,関西,大阪府,,船場センタービル,せんばせんたーびる,施設,
,関西,大阪府,,JR西日本西日本旅客鉄道 天王寺駅,じぇいあーるにしにほん てんのうじえき,鉄道,
,関西,大阪府,,JR西日本東海道本線 北梅田駅,じぇいあーるにしにほんとうかいどうほんせん きたうめだえき,鉄道,
,関西,大阪府,,JR西日本東海道本線 北梅田駅前後のトンネル,じぇいあーるにしにほんとうかいどうほんせん きたうめだえきぜんごのとんねる,鉄道,
,関西,大阪府,,近鉄大阪線 大阪上本町駅～鶴橋駅間,きんてつおおさかせん おおさかうえほんまちえき～つるはしえきかん,鉄道,
,関西,大阪府,,近鉄難波線 近鉄日本橋駅～大阪上本町駅間,きんてつなんばせん きんてつにほんばしえき～おおさかうえほんまちえきかん,鉄道,
,関西,大阪府,,近鉄難波線 大阪難波駅～近鉄日本橋駅間,きんてつなんばせん おおさかなんばえき～きんてつにほんばしえきかん,鉄道,
,関西,大阪府,,大阪メトロ御堂筋線 あびこ駅,おおさかめとろみどうすじせん あびこえき,鉄道,
,関西,大阪府,,大阪メトロ御堂筋線 あびこ駅～北花田駅間,おおさかめとろみどうすじせん あびこえき～きたはなだえきかん,鉄道,
,関西,大阪府,,大阪メトロ御堂筋線 なかもず駅,おおさかめとろみどうすじせん なかもずえき,鉄道,
,関西,大阪府,,大阪メトロ御堂筋線 なんば駅～大国町駅間,おおさかめとろみどうすじせん なんばえき～だいこくちょうえきかん,鉄道,
,関西,大阪府,,大阪メトロ御堂筋線 昭和町駅,おおさかめとろみどうすじせん しょうわちょうえき,鉄道,
,関西,大阪府,,大阪メトロ御堂筋線 昭和町駅～西田辺駅間,おおさかめとろみどうすじせん しょうわちょうえき～にしたなべえきかん,鉄道,
,関西,大阪府,,大阪メトロ御堂筋線 心斎橋駅～なんば駅間,おおさかめとろみどうすじせん しんさいばしえき～なんばえきかん,鉄道,
,関西,大阪府,,大阪メトロ御堂筋線 新金岡駅,おおさかめとろみどうすじせん しんかなおかえき,鉄道,
,関西,大阪府,,大阪メトロ御堂筋線 新金岡駅～なかもず駅間,おおさかめとろみどうすじせん しんかなおかえき～なかもずえきかん,鉄道,
,関西,大阪府,,大阪メトロ御堂筋線 西中島南方駅～中津駅間,おおさかめとろみどうすじせん にしなかじまみなみがたえき～なかつえきかん,鉄道,
,関西,大阪府,,大阪メトロ御堂筋線 西田辺駅,おおさかめとろみどうすじせん にしたなべえき,鉄道,
,関西,大阪府,,大阪メトロ御堂筋線 西田辺駅～長居駅間,おおさかめとろみどうすじせん にしたなべえき～ながいえきかん,鉄道,
,関西,大阪府,,大阪メトロ御堂筋線 大国町駅～動物園前駅間,おおさかめとろみどうすじせん だいこくちょうえき～どうぶつえんまええきかん,鉄道,
,関西,大阪府,,大阪メトロ御堂筋線 中津駅～梅田駅間,おおさかめとろみどうすじせん なかつえき～うめだえきかん,鉄道,
,関西,大阪府,,大阪メトロ御堂筋線 長居駅,おおさかめとろみどうすじせん ながいえき,鉄道,
,関西,大阪府,,大阪メトロ御堂筋線 長居駅～あびこ駅間,おおさかめとろみどうすじせん ながいえき～あびこえきかん,鉄道,
,関西,大阪府,,大阪メトロ御堂筋線 天王寺駅～昭和町駅間,おおさかめとろみどうすじせん てんのうじえき～しょうわちょうえきかん,鉄道,
,関西,大阪府,,大阪メトロ御堂筋線 動物園前駅,おおさかめとろみどうすじせん どうぶつえんまええき,鉄道,
,関西,大阪府,,大阪メトロ御堂筋線 動物園前駅～天王寺駅間,おおさかめとろみどうすじせん どうぶつえんまええき～てんのうじえきかん,鉄道,
,関西,大阪府,,大阪メトロ御堂筋線 梅田駅～淀屋橋駅間,おおさかめとろみどうすじせん うめだえき～よどやばしえきかん,鉄道,
,関西,大阪府,,大阪メトロ御堂筋線 北花田駅,おおさかめとろみどうすじせん きたはなだえき,鉄道,
,関西,大阪府,,大阪メトロ御堂筋線 北花田駅～新金岡駅間,おおさかめとろみどうすじせん きたはなだえき～しんかなおかえきかん,鉄道,
,関西,大阪府,,大阪メトロ御堂筋線 本町駅,おおさかめとろみどうすじせん ほんまちえき,鉄道,
,関西,大阪府,,大阪メトロ御堂筋線 本町駅～心斎橋駅間,おおさかめとろみどうすじせん ほんまちえき～しんさいばしえきかん,鉄道,
,関西,大阪府,,大阪メトロ御堂筋線 淀屋橋駅～本町駅間,おおさかめとろみどうすじせん よどやばしえき～ほんまちえきかん,鉄道,
,関西,大阪府,,大阪メトロ今里筋線 蒲生四丁目駅～鴫野駅間,おおさかめとろいまざとすじせん がもうよんちょうめえき～しぎのえきかん,鉄道,
,関西,大阪府,,大阪メトロ今里筋線 関目成育駅～蒲生四丁目駅間,おおさかめとろいまざとすじせん せきめせいいくえき～がもうよんちょうめえきかん,鉄道,
,関西,大阪府,,大阪メトロ今里筋線 鴫野駅～緑橋駅間,おおさかめとろいまざとすじせん しぎのえき～みどりばしえきかん,鉄道,
,関西,大阪府,,大阪メトロ今里筋線 新森古市駅～関目成育駅間,おおさかめとろいまざとすじせん しんもりふるいちえき～せきめせいいくえきかん,鉄道,
,関西,大阪府,,大阪メトロ今里筋線 緑橋駅～今里駅間,おおさかめとろいまざとすじせん みどりばしえき～いまさとえきかん,鉄道,
,関西,大阪府,,大阪メトロ堺筋線 恵美須町駅,おおさかめとろさかいすじせん  えびすちょうえき ,鉄道,
,関西,大阪府,,大阪メトロ堺筋線 恵美須町駅～動物園前駅間,おおさかめとろさかいすじせん えびすちょうえき～どうぶつえんまええきかん,鉄道,
,関西,大阪府,,大阪メトロ堺筋線 堺筋本町駅,おおさかめとろさかいすじせん さかいすじほんまちえき,鉄道,
,関西,大阪府,,大阪メトロ堺筋線 堺筋本町駅～長堀橋駅間,おおさかめとろさかいすじせん さかいすじほんまちえき～ながほりばしえきかん,鉄道,
,関西,大阪府,,大阪メトロ堺筋線 扇町駅～南森町駅間,おおさかめとろさかいすじせん おうぎまちえき～みなみもりまちえきかん,鉄道,
,関西,大阪府,,大阪メトロ堺筋線 長堀橋駅～日本橋駅間,おおさかめとろさかいすじせん ながほりばしえき～にほんばしえきかん,鉄道,
,関西,大阪府,,大阪メトロ堺筋線 天神橋筋六丁目駅～扇町駅間,おおさかめとろさかいすじせん てんじんばしすじろくちょうめえき～おうぎまちえきかん,鉄道,
,関西,大阪府,,大阪メトロ堺筋線 動物園前駅,おおさかめとろさかいすじせん どうぶつえんまええき,鉄道,
,関西,大阪府,,大阪メトロ堺筋線 動物園前駅～天下茶屋駅間,おおさかめとろさかいすじせん どうぶつえんまええき～てんがちゃやえきかん,鉄道,
,関西,大阪府,,大阪メトロ堺筋線 南森町駅～北浜駅間,おおさかめとろさかいすじせん みなみもりまちえき～きたはまえきかん,鉄道,
,関西,大阪府,,大阪メトロ堺筋線 日本橋駅～恵美須町駅間,おおさかめとろさかいすじせん にほんばしえき～えびすちょうえきかん,鉄道,
,関西,大阪府,,大阪メトロ堺筋線 北浜駅～堺筋本町駅間,おおさかめとろさかいすじせん きたはまえき～さかいすじほんまちえきかん,鉄道,
,関西,大阪府,,大阪メトロ四つ橋線 なんば駅～大国町駅間,おおさかめとろよつばしせん なんばえき～だいこくちょうえきかん,鉄道,
,関西,大阪府,,大阪メトロ四つ橋線 花園町駅～岸里駅間,おおさかめとろよつばしせん はなぞのちょうえき～きしのさとえきかん,鉄道,
,関西,大阪府,,大阪メトロ四つ橋線 四ツ橋駅～なんば駅間,おおさかめとろよつばしせん よつばしえき～なんばえきかん,鉄道,
,関西,大阪府,,大阪メトロ四つ橋線 西梅田駅～肥後橋駅間,おおさかめとろよつばしせん にしうめだえき～ひごばしえきかん,鉄道,
,関西,大阪府,,大阪メトロ四つ橋線 大国町駅～花園町駅間,おおさかめとろよつばしせん だいこくちょうえき～はなぞのちょうえきかん,鉄道,
,関西,大阪府,,大阪メトロ四つ橋線 肥後橋駅,おおさかめとろよつばしせん ひごばしえき,鉄道,
,関西,大阪府,,大阪メトロ四つ橋線 肥後橋駅～本町駅間,おおさかめとろよつばしせん ひごばしえき～ほんまちえきかん,鉄道,
,関西,大阪府,,大阪メトロ四つ橋線 本町駅,おおさかめとろよつばしせん ほんまちえき,鉄道,
,関西,大阪府,,大阪メトロ四つ橋線 本町駅～四ツ橋駅間,おおさかめとろよつばしせん ほんまちえき～よつばしえきかん,鉄道,
,関西,大阪府,,大阪メトロ千日前線 なんば駅～日本橋駅間,おおさかめとろせんにちまえせん なんばえき～にほんばしえきかん,鉄道,
,関西,大阪府,,大阪メトロ千日前線 阿波座駅～西長堀駅間,おおさかめとろせんにちまえせん あわざえき～にしながほりえきかん,鉄道,
,関西,大阪府,,大阪メトロ千日前線 玉川駅～阿波座駅間,おおさかめとろせんにちまえせん たまがわえき～あわざえきかん,鉄道,
,関西,大阪府,,大阪メトロ千日前線 今里駅,おおさかめとろせんにちまえせん いまざとえき,鉄道,
,関西,大阪府,,大阪メトロ千日前線 今里駅～新深江駅間,おおさかめとろせんにちまえせん いまさとえき～しんふかええきかん,鉄道,
,関西,大阪府,,大阪メトロ千日前線 桜川駅～なんば駅間,おおさかめとろせんにちまえせん さくらがわえき～なんばえきかん,鉄道,
,関西,大阪府,,大阪メトロ千日前線 小路駅,おおさかめとろせんにちまえせん しょうじえき,鉄道,
,関西,大阪府,,大阪メトロ千日前線 小路駅～北巽駅間,おおさかめとろせんにちまえせん こみちえき～きたたつみえきかん,鉄道,
,関西,大阪府,,大阪メトロ千日前線 新深江駅,おおさかめとろせんにちまえせん しんふかええき,鉄道,
,関西,大阪府,,大阪メトロ千日前線 新深江駅～小路駅間,おおさかめとろせんにちまえせん しんふかええき～こみちえきかん,鉄道,
,関西,大阪府,,大阪メトロ千日前線 西長堀駅～桜川駅間,おおさかめとろせんにちまえせん にしながほりえき～さくらがわえきかん,鉄道,
,関西,大阪府,,大阪メトロ千日前線 谷町九丁目駅～鶴橋駅間,おおさかめとろせんにちまえせん たにまちきゅうちょうめえき～つるはしえきかん,鉄道,
,関西,大阪府,,大阪メトロ千日前線 鶴橋駅～今里駅間,おおさかめとろせんにちまえせん つるはしえき～いまさとえきかん,鉄道,
,関西,大阪府,,大阪メトロ千日前線 南巽駅,おおさかめとろせんにちまえせん みなみたつみえき,鉄道,
,関西,大阪府,,大阪メトロ千日前線 日本橋駅～谷町九丁目駅間,おおさかめとろせんにちまえせん にほんばしえき～たにまちきゅうちょうめえきかん,鉄道,
,関西,大阪府,,大阪メトロ千日前線 北巽駅,おおさかめとろせんにちまえせん きたたつみえき,鉄道,
,関西,大阪府,,大阪メトロ千日前線 北巽駅～南巽駅間,おおさかめとろせんにちまえせん きたたつみえき～みなみたつみえきかん,鉄道,
,関西,大阪府,,大阪メトロ千日前線 野田阪神駅～玉川駅間,おおさかめとろせんにちまえせん のだはんしんえき～たまがわえきかん,鉄道,
,関西,大阪府,,大阪メトロ谷町線 阿倍野駅,おおさかめとろたにまちせん あべのえき,鉄道,
,関西,大阪府,,大阪メトロ谷町線 阿倍野駅～文の里駅間,おおさかめとろたにまちせん あべのえき～ふみのさとえきかん,鉄道,
,関西,大阪府,,大阪メトロ谷町線 四天王寺前夕陽ヶ丘駅～天王寺駅間,おおさかめとろたにまちせん してんのうじまえゆうひがおかえき～てんのうじえきかん,鉄道,
,関西,大阪府,,大阪メトロ谷町線 谷町九丁目駅～四天王寺前夕陽ヶ丘駅間,おおさかめとろたにまちせん たにまちきゅうちょうめえき～してんのうじまえゆうひがおかえきかん,鉄道,
,関西,大阪府,,大阪メトロ谷町線 谷町四丁目駅～谷町六丁目駅間,おおさかめとろたにまちせん たにまちよんちょうめえき～たにまちろくちょうめえきかん,鉄道,
,関西,大阪府,,大阪メトロ谷町線 谷町六丁目駅～谷町九丁目駅間,おおさかめとろたにまちせん たにまちろくちょうめえき～たにまちきゅうちょうめえきかん,鉄道,
,関西,大阪府,,大阪メトロ谷町線 天王寺駅,おおさかめとろたにまちせん てんのうじえき,鉄道,
,関西,大阪府,,大阪メトロ谷町線 天王寺駅～阿倍野駅間,おおさかめとろたにまちせん てんのうじえき～あべのえきかん,鉄道,
,関西,大阪府,,大阪メトロ谷町線 天満橋駅～谷町四丁目駅間,おおさかめとろたにまちせん てんまばしえき～たにまちよんちょうめえきかん,鉄道,
,関西,大阪府,,大阪メトロ谷町線 東梅田駅～南森町駅間,おおさかめとろたにまちせん ひがしうめだえき～みなみもりまちえきかん,鉄道,
,関西,大阪府,,大阪メトロ谷町線 南森町駅～天満橋駅間,おおさかめとろたにまちせん みなみもりまちえき～てんまばしえきかん,鉄道,
,関西,大阪府,,大阪メトロ谷町線 文の里駅,おおさかめとろたにまちせん ふみのさとえき,鉄道,
,関西,大阪府,,大阪メトロ谷町線 文の里駅～田辺駅間,おおさかめとろたにまちせん ふみのさとえき～たなべえきかん,鉄道,
,関西,大阪府,,大阪メトロ中央線 コスモスクエア駅,おおさかめとろちゅうおうせん こすもすくえあえき,鉄道,
,関西,大阪府,,大阪メトロ中央線 阿波座駅～本町駅間,おおさかめとろちゅうおうせん あわざえき～ほんまちえきかん,鉄道,
,関西,大阪府,,大阪メトロ中央線 九条駅～阿波座駅間,おおさかめとろちゅうおうせん くじょうえき～あわざえきかん,鉄道,
,関西,大阪府,,大阪メトロ中央線 高井田駅,おおさかめとろちゅうおうせん たかいだえき,鉄道,
,関西,大阪府,,大阪メトロ中央線 高井田駅～長田駅間,おおさかめとろちゅうおうせん たかいだえき～ながたえきかん,鉄道,
,関西,大阪府,,大阪メトロ中央線 堺筋本町駅,おおさかめとろちゅうおうせん さかいすじほんまちえき,鉄道,
,関西,大阪府,,大阪メトロ中央線 堺筋本町駅～谷町四丁目駅間,おおさかめとろちゅうおうせん さかいすじほんまちえき～たにまちよんちょうめえきかん,鉄道,
,関西,大阪府,,大阪メトロ中央線 森ノ宮駅,おおさかめとろちゅうおうせん もりのみやえき,鉄道,
,関西,大阪府,,大阪メトロ中央線 森ノ宮駅～緑橋駅間,おおさかめとろちゅうおうせん もりのみやえき～みどりばしえきかん,鉄道,
,関西,大阪府,,大阪メトロ中央線 深江橋駅,おおさかめとろちゅうおうせん ふかえばしえき,鉄道,
,関西,大阪府,,大阪メトロ中央線 深江橋駅～高井田駅間,おおさかめとろちゅうおうせん ふかえばしえき～たかいだえきかん,鉄道,
,関西,大阪府,,大阪メトロ中央線 谷町四丁目駅～森ノ宮駅間,おおさかめとろちゅうおうせん たにまちよんちょうめえき～もりのみやえきかん,鉄道,
,関西,大阪府,,大阪メトロ中央線 長田駅,おおさかめとろちゅうおうせん ながたえき,鉄道,
,関西,大阪府,,大阪メトロ中央線 本町駅,おおさかめとろちゅうおうせん ほんまちえき,鉄道,
,関西,大阪府,,大阪メトロ中央線 本町駅～堺筋本町駅間,おおさかめとろちゅうおうせん ほんまちえき～さかいすじほんまちえきかん,鉄道,
,関西,大阪府,,大阪メトロ中央線 緑橋駅,おおさかめとろちゅうおうせん みどりばしえき,鉄道,
,関西,大阪府,,大阪メトロ中央線 緑橋駅～深江橋駅間,おおさかめとろちゅうおうせん みどりばしえき～ふかえばしえきかん,鉄道,
,関西,大阪府,,大阪メトロ長堀鶴見緑地線 ドーム前千代崎駅～西長堀駅間,おおさかめとろながほりつるみりょくちせん どーむまえちよざきえき～にしながほりえきかん,鉄道,
,関西,大阪府,,大阪メトロ長堀鶴見緑地線 横堤駅,おおさかめとろながほりつるみりょくちせん よこつつみえき,鉄道,
,関西,大阪府,,大阪メトロ長堀鶴見緑地線 横堤駅～鶴見緑地駅間,おおさかめとろながほりつるみりょくちせん よこづつみえき～つるみりょくちえきかん,鉄道,
,関西,大阪府,,大阪メトロ長堀鶴見緑地線 蒲生四丁目駅,おおさかめとろながほりつるみりょくちせん がもうよんちょうめえき,鉄道,
,関西,大阪府,,大阪メトロ長堀鶴見緑地線 蒲生四丁目駅～今福鶴見駅間,おおさかめとろながほりつるみりょくちせん がもうよんちょうめえき～いまふくつるみえきかん,鉄道,
,関西,大阪府,,大阪メトロ長堀鶴見緑地線 京橋駅,おおさかめとろながほりつるみりょくちせん きょうばしえき,鉄道,
,関西,大阪府,,大阪メトロ長堀鶴見緑地線 京橋駅～蒲生四丁目駅間,おおさかめとろながほりつるみりょくちせん きょうばしえき～がもうよんちょうめえきかん,鉄道,
,関西,大阪府,,大阪メトロ長堀鶴見緑地線 玉造駅～森ノ宮駅間,おおさかめとろながほりつるみりょくちせん たまつくりえき～もりのみやえきかん,鉄道,
,関西,大阪府,,大阪メトロ長堀鶴見緑地線 今福鶴見駅,おおさかめとろながほりつるみりょくちせん いまふくつるみえき,鉄道,
,関西,大阪府,,大阪メトロ長堀鶴見緑地線 今福鶴見駅～横堤駅間,おおさかめとろながほりつるみりょくちせん いまふくつるみえき～よこづつみえきかん,鉄道,
,関西,大阪府,,大阪メトロ長堀鶴見緑地線 松屋町駅～谷町六丁目駅間,おおさかめとろながほりつるみりょくちせん まつやまちえき～たにまちろくちょうめえきかん,鉄道,
,関西,大阪府,,大阪メトロ長堀鶴見緑地線 心斎橋駅～長堀橋駅間,おおさかめとろながほりつるみりょくちせん しんさいばしえき～ながほりばしえきかん,鉄道,
,関西,大阪府,,大阪メトロ長堀鶴見緑地線 森ノ宮駅,おおさかめとろながほりつるみりょくちせん もりのみやえき,鉄道,
,関西,大阪府,,大阪メトロ長堀鶴見緑地線 森ノ宮駅～大阪ビジネスパーク駅間,おおさかめとろながほりつるみりょくちせん もりのみやえき～おおさかびじねすぱーくえきかん,鉄道,
,関西,大阪府,,大阪メトロ長堀鶴見緑地線 西大橋駅～心斎橋駅間,おおさかめとろながほりつるみりょくちせん にしおおはしえき～しんさいばしえきかん,鉄道,
,関西,大阪府,,大阪メトロ長堀鶴見緑地線 西長堀駅～西大橋駅間,おおさかめとろながほりつるみりょくちせん にしながほりえき～にしおおはしえきかん,鉄道,
,関西,大阪府,,大阪メトロ長堀鶴見緑地線 大阪ビジネスパーク駅,おおさかめとろながほりつるみりょくちせん おおさかびじねすぱーくえき,鉄道,
,関西,大阪府,,大阪メトロ長堀鶴見緑地線 大阪ビジネスパーク駅～京橋駅間,おおさかめとろながほりつるみりょくちせん おおさかびじねすぱーくえき～きょうばしえきかん,鉄道,
,関西,大阪府,,大阪メトロ長堀鶴見緑地線 大正駅～ドーム前千代崎駅間,おおさかめとろながほりつるみりょくちせん たいしょうえき～どーむまえちよざきえきかん,鉄道,
,関西,大阪府,,大阪メトロ長堀鶴見緑地線 谷町六丁目駅～玉造駅間,おおさかめとろながほりつるみりょくちせん たにまちろくちょうめえき～たまつくりえきかん,鉄道,
,関西,大阪府,,大阪メトロ長堀鶴見緑地線 長堀橋駅～松屋町駅間,おおさかめとろながほりつるみりょくちせん ながほりばしえき～まつやまちえきかん,鉄道,
,関西,大阪府,,大阪メトロ長堀鶴見緑地線 鶴見緑地駅,おおさかめとろながほりつるみりょくちせん つるみりょくちえき,鉄道,
,関西,大阪府,,大阪メトロ長堀鶴見緑地線 鶴見緑地駅～門真南駅間,おおさかめとろながほりつるみりょくちせん つるみりょくちえき～かどまみなみえきかん,鉄道,
,関西,大阪府,,大阪メトロ長堀鶴見緑地線 門真南駅,おおさかめとろながほりつるみりょくちせん かどまみなみえき,鉄道,
,関西,大阪府,,南海高野線 難波駅,なんかいこうやせん なんばえき,鉄道,
,関西,大阪府,,南海本線 難波駅,なんかいほんせん なんばえき,鉄道,
,関西,大阪府,,南港ポートタウン線 コスモスクエア駅,なんこうぽーとたうんせん こすもすくえあえき,鉄道,
,関西,大阪府,,大阪メトロ御堂筋線 天王寺駅,おおさかめとろみどうすじせん てんのうじえき,鉄道,
,関西,大阪府,,鍋谷峠トンネル,なべたにとうげとんねる,トンネル,
,関西,大阪府,,父鬼バイパス第２トンネル,ちちおにばいぱすだいにとんねる,トンネル,
,関西,兵庫県,,デュオ神戸（浜の手）、デュオ神戸（山の手） デュオこうべ,でゅおこうべ（はまのて）、でゅおこうべ（やまのて） でゅおこうべ,施設,
,関西,兵庫県,,神戸駅南駐車場,こうべえきみなみちゅうしゃじょう,施設,
,関西,兵庫県,,阪神本線 岩屋駅～春日野道駅間,はんしんほんせん いわやえき～かすがのみちえきかん,鉄道,
,関西,兵庫県,,阪神本線 三宮駅～元町駅間,はんしんほんせん さんのみやえき～もとまちえきかん,鉄道,
,関西,兵庫県,,阪神本線 春日野道駅～三宮駅間,はんしんほんせん かすがのみちえき～さんのみやえきかん,鉄道,
,関西,兵庫県,,山陽電気鉄道本線 西代駅,さんようでんきてつどうほんせん にしだいえき,鉄道,
,関西,兵庫県,,山陽電気鉄道本線 西代駅～板宿駅間,さんようでんきてつどうほんせん にしだいえき～いたやどえきかん,鉄道,
,関西,兵庫県,,山陽電気鉄道本線 板宿駅,さんようでんきてつどうほんせん いたやどえき,鉄道,
,関西,兵庫県,,山陽本線 板宿駅～東須磨駅間,さんようほんせん いたやどえき～ひがしすまえきかん,鉄道,
,関西,兵庫県,,神戸高速鉄道東西線 高速神戸駅～西元町駅間,こうべこうそくてつどうとうざいせん こうそくこうべえき～にしもとまちえきかん,鉄道,
,関西,兵庫県,,神戸高速鉄道東西線 高速長田駅～大開駅間,こうべこうそくてつどうとうざいせん こうそくながたえき～だいかいえきかん,鉄道,
,関西,兵庫県,,神戸高速鉄道東西線 新開地駅～高速神戸駅間,こうべこうそくてつどうとうざいせん しんかいちえき～こうそくこうべえきかん,鉄道,
,関西,兵庫県,,神戸高速鉄道東西線 西元町駅～元町駅間,こうべこうそくてつどうとうざいせん にしもとまちえき～もとまちえきかん,鉄道,
,関西,兵庫県,,神戸高速鉄道東西線 西代駅,こうべこうそくてつどうとうざいせん にしだいえき,鉄道,
,関西,兵庫県,,神戸高速鉄道東西線 西代駅～高速長田駅間,こうべこうそくてつどうとうざいせん にしだいえき～こうそくながたえきかん,鉄道,
,関西,兵庫県,,神戸高速鉄道東西線 大開駅～新開地駅間,こうべこうそくてつどうとうざいせん だいかいえき～しんかいちえきかん,鉄道,
,関西,兵庫県,,神戸高速鉄道南北線 新開地駅,こうべこうそくてつどうなんぼくせん しんかいちえき,鉄道,
,関西,兵庫県,,神戸高速鉄道南北線 新開地駅～湊川駅間,こうべこうそくてつどうなんぼくせん しんかいちえき～みなとがわえきかん,鉄道,
,関西,兵庫県,,神戸高速鉄道南北線 湊川駅,こうべこうそくてつどうなんぼくせん みなとがわえき,鉄道,
,関西,兵庫県,,神戸高速鉄道有馬線 湊川駅～長田駅間,こうべこうそくてつどうありません みなとがわえき～ながたえきかん,鉄道,
,関西,兵庫県,,神戸市営地下鉄西神・山手線 伊川谷駅～西神南駅間,こうべしえいちかてつせいしん・やまてせん いかわだにえき～せいしんみなみえきかん,鉄道,
,関西,兵庫県,,神戸市営地下鉄西神・山手線 学園都市駅～伊川谷駅間,こうべしえいちかてつせいしん・やまてせん がくえんとしえき～いかわだにえきかん,鉄道,
,関西,兵庫県,,神戸市営地下鉄西神・山手線 県庁前駅,こうべしえいちかてつせいしん・やまてせん けんちょうまええき,鉄道,
,関西,兵庫県,,神戸市営地下鉄西神・山手線 県庁前駅～大倉山駅間,こうべしえいちかてつせいしん・やまてせん けんちょうまええき～おおくらやまえきかん,鉄道,
,関西,兵庫県,,神戸市営地下鉄西神・山手線 三宮駅,こうべしえいちかてつせいしん・やまてせん さんのみやえき,鉄道,
,関西,兵庫県,,神戸市営地下鉄西神・山手線 三宮駅～県庁前駅間,こうべしえいちかてつせいしん・やまてせん さんのみやえき～けんちょうまええきかん,鉄道,
,関西,兵庫県,,神戸市営地下鉄西神・山手線 上沢駅,こうべしえいちかてつせいしん・やまてせん かみさわえき,鉄道,
,関西,兵庫県,,神戸市営地下鉄西神・山手線 上沢駅～長田駅間,こうべしえいちかてつせいしん・やまてせん かみさわえき～ながたえきかん,鉄道,
,関西,兵庫県,,神戸市営地下鉄西神・山手線 新神戸駅,こうべしえいちかてつせいしん・やまてせん しんこうべえき,鉄道,
,関西,兵庫県,,神戸市営地下鉄西神・山手線 新神戸駅～三宮駅間,こうべしえいちかてつせいしん・やまてせん しんこうべえき～さんのみやえきかん,鉄道,
,関西,兵庫県,,神戸市営地下鉄西神・山手線 新長田駅～板宿駅間,こうべしえいちかてつせいしん・やまてせん しんながたえき～いたやどえきかん,鉄道,
,関西,兵庫県,,神戸市営地下鉄西神・山手線 西神南駅～西神中央駅間,こうべしえいちかてつせいしん・やまてせん せいしんみなみえき～せいしんちゅうおうえきかん,鉄道,
,関西,兵庫県,,神戸市営地下鉄西神・山手線 総合運動公園駅～学園都市駅間,こうべしえいちかてつせいしん・やまてせん そうごううんどうこうえんえき～がくえんとしえきかん,鉄道,
,関西,兵庫県,,神戸市営地下鉄西神・山手線 大倉山駅,こうべしえいちかてつせいしん・やまてせん おおくらやまえき,鉄道,
,関西,兵庫県,,神戸市営地下鉄西神・山手線 大倉山駅～湊川公園駅間,こうべしえいちかてつせいしん・やまてせん おおくらやまえき～みなとがわこうえんえきかん,鉄道,
,関西,兵庫県,,神戸市営地下鉄西神・山手線 長田駅,こうべしえいちかてつせいしん・やまてせん ながたえき,鉄道,
,関西,兵庫県,,神戸市営地下鉄西神・山手線 長田駅～新長田駅間,こうべしえいちかてつせいしん・やまてせん ながたえき～しんながたえきかん,鉄道,
,関西,兵庫県,,神戸市営地下鉄西神・山手線 板宿駅,こうべしえいちかてつせいしん・やまてせん いたやどえき,鉄道,
,関西,兵庫県,,神戸市営地下鉄西神・山手線 板宿駅～妙法寺駅間,こうべしえいちかてつせいしん・やまてせん いたやどえき～みょうほうじえきかん,鉄道,
,関西,兵庫県,,神戸市営地下鉄西神・山手線 湊川公園駅,こうべしえいちかてつせいしん・やまてせん みなとがわこうえんえき,鉄道,
,関西,兵庫県,,神戸市営地下鉄西神・山手線 湊川公園駅～上沢駅間,こうべしえいちかてつせいしん・やまてせん みなとがわこうえんえき～かみさわえきかん,鉄道,
,関西,兵庫県,,神戸市営地下鉄西神・山手線 妙法寺駅～名谷駅間,こうべしえいちかてつせいしん・やまてせん みょうほうじえき～みょうだにえきかん,鉄道,
,関西,兵庫県,,神戸市営地下鉄西神・山手線 名谷駅～総合運動公園駅間,こうべしえいちかてつせいしん・やまてせん みょうだにえき～そうごううんどうこうえんえきかん,鉄道,
,関西,兵庫県,,御立トンネル,みたちとんねる,トンネル,
,関西,兵庫県,,広峰山トンネル,ひろみねさんとんねる,トンネル,
,関西,兵庫県,,三谷トンネル,みたにとんねる,トンネル,
,関西,兵庫県,,書写山第一トンネル,しょしゃざんだいいちとんねる,トンネル,
,関西,兵庫県,,書写山第二トンネル,しょしゃざんだいにとんねる,トンネル,
,関西,兵庫県,,上大野トンネル,かみおおのとんねる,トンネル,
,関西,奈良県,,かもきみトンネル,かもきみとんねる,トンネル,
,関西,奈良県,,巨勢山トンネル,こせやまとんねる,トンネル,
,関西,奈良県,,新鹿路トンネル,しんろくろとんねる,トンネル,
,関西,奈良県,,新田東佐味トンネル,しんでんひがしさびとんねる,トンネル,
,関西,奈良県,,朝町トンネル,あさまちとんねる,トンネル,
,関西,和歌山県,,下津トンネル,しもつとんねる,トンネル,
,関西,和歌山県,,長峰トンネル,ながみねとんねる,トンネル,
,関西,和歌山県,,藤白トンネル,ふじしろとんねる,トンネル,
,中国,岡山県,,岡山赤十字病院,おかやませきじゅうじびょういん,病院,
,中国,岡山県,,岡山駅地下街,おかやまえきちかがい,施設,
,中国,広島県,,紙屋町シャレオ,かみやちょうしゃれお,施設,
,中国,広島県,,基町パーキングアクセス,もとまちぱーきんぐあくせす,施設,
,中国,広島県,,紙屋町地下駐車場,かみやちょうちかちゅうしゃじょう,施設,
,中国,広島県,,アストラムライン 県庁前駅,あすとらむらいん けんちょうまええき,鉄道,
,中国,広島県,,アストラムライン 県庁前駅～城北駅間,あすとらむらいん けんちょうまええき～じょうほくえきかん,鉄道,
,中国,広島県,,アストラムライン 城北駅,あすとらむらいん じょうほくえき,鉄道,
,中国,広島県,,アストラムライン 城北駅～新白島駅間,あすとらむらいん じょうほくえき～しんはくしまえきかん,鉄道,
,中国,広島県,,アストラムライン 本通駅,あすとらむらいん ほんどおりえき,鉄道,
,中国,広島県,,アストラムライン 本通駅～県庁前駅間,あすとらむらいん ほんどおりえき～けんちょうまええきかん,鉄道,
,中国,広島県,,駒ヶ原トンネル,こまがはらとんねる,トンネル,
,中国,広島県,,志和トンネル,しわとんねる,トンネル,
,中国,広島県,,時広トンネル,ときひろとんねる,トンネル,
,中国,広島県,,中之町トンネル,なかのちょうとんねる,トンネル,
,中国,広島県,,八坂トンネル,やさかとんねる,トンネル,
,中国,山口県,,関戸トンネル,せきどとんねる,トンネル,
,中国,山口県,,小瀬トンネル,おぜとんねる,トンネル,
,四国,高知県,,国立病院機構高知病院,こくりつびょういんきこうこうちびょういん,病院,
,四国,高知県,,橘川トンネル,たちばながわとんねる,トンネル,
,四国,高知県,,金上野トンネル,きんじょうのとんねる,トンネル,
,四国,高知県,,拳ノ川トンネル,こぶしのかわとんねる,トンネル,
,九州,福岡県,,博多リバレイン,はかたりばれいん,施設,
,九州,福岡県,,福岡市営地下鉄空港線 祇園駅,ふくおかしえいちかてつくうこうせん ぎおんえき,鉄道,
,九州,福岡県,,福岡市営地下鉄空港線 祇園駅～博多駅間,ふくおかしえいちかてつくうこうせん ぎおんえき～はかたえきかん,鉄道,
,九州,福岡県,,福岡市営地下鉄空港線 室見駅,ふくおかしえいちかてつくうこうせん むろみえき,鉄道,
,九州,福岡県,,福岡市営地下鉄空港線 室見駅～藤崎駅間,ふくおかしえいちかてつくうこうせん むろみえき～ふじさきえきかん,鉄道,
,九州,福岡県,,福岡市営地下鉄空港線 西新駅,ふくおかしえいちかてつくうこうせん にしじんえき,鉄道,
,九州,福岡県,,福岡市営地下鉄空港線 西新駅～唐人町駅間,ふくおかしえいちかてつくうこうせん にしじんえき～とうじんまちえきかん,鉄道,
,九州,福岡県,,福岡市営地下鉄空港線 赤坂駅,ふくおかしえいちかてつくうこうせん あかさかえき,鉄道,
,九州,福岡県,,福岡市営地下鉄空港線 赤坂駅～天神駅間,ふくおかしえいちかてつくうこうせん あかさかえき～てんじんえきかん,鉄道,
,九州,福岡県,,福岡市営地下鉄空港線 大濠公園駅,ふくおかしえいちかてつくうこうせん おおほりこうえんえき,鉄道,
,九州,福岡県,,福岡市営地下鉄空港線 大濠公園駅～赤坂駅間,ふくおかしえいちかてつくうこうせん だいごうこうえんえき～あかさかえきかん,鉄道,
,九州,福岡県,,福岡市営地下鉄空港線 中洲川端駅,ふくおかしえいちかてつくうこうせん なかすかわばたえき,鉄道,
,九州,福岡県,,福岡市営地下鉄空港線 中洲川端駅～祇園駅間,ふくおかしえいちかてつくうこうせん なかすかわばたえき～ぎおんえきかん,鉄道,
,九州,福岡県,,福岡市営地下鉄空港線 天神駅,ふくおかしえいちかてつくうこうせん てんじんえき,鉄道,
,九州,福岡県,,福岡市営地下鉄空港線 天神駅～中洲川端駅間,ふくおかしえいちかてつくうこうせん てんじんえき～なかすかわばたえきかん,鉄道,
,九州,福岡県,,福岡市営地下鉄空港線 唐人町駅,ふくおかしえいちかてつくうこうせん とうじんまちえき,鉄道,
,九州,福岡県,,福岡市営地下鉄空港線 唐人町駅～大濠公園駅間,ふくおかしえいちかてつくうこうせん とうじんまちえき～おおほりこうえんえきかん,鉄道,
,九州,福岡県,,福岡市営地下鉄空港線 東比恵駅,ふくおかしえいちかてつくうこうせん ひがしひええき,鉄道,
,九州,福岡県,,福岡市営地下鉄空港線 東比恵駅～福岡空港駅間,ふくおかしえいちかてつくうこうせん ひがしひええき～ふくおかくうこうえきかん,鉄道,
,九州,福岡県,,福岡市営地下鉄空港線 藤崎駅,ふくおかしえいちかてつくうこうせん ふじさきえき,鉄道,
,九州,福岡県,,福岡市営地下鉄空港線 藤崎駅～西新駅間,ふくおかしえいちかてつくうこうせん ふじさきえき～にしじんえきかん,鉄道,
,九州,福岡県,,福岡市営地下鉄空港線 博多駅,ふくおかしえいちかてつくうこうせん はかたえき,鉄道,
,九州,福岡県,,福岡市営地下鉄空港線 博多駅～東比恵駅間,ふくおかしえいちかてつくうこうせん はかたえき～ひがしひええきかん,鉄道,
,九州,福岡県,,福岡市営地下鉄空港線 福岡空港駅,ふくおかしえいちかてつくうこうせん ふくおかくうこうえき,鉄道,
,九州,福岡県,,福岡市営地下鉄空港線 姪浜駅～室見駅間,ふくおかしえいちかてつくうこうせん めいのはまえき～むろみえきかん,鉄道,
,九州,福岡県,,福岡市営地下鉄七隈線 賀茂駅,ふくおかしえいちかてつななくません かもえき,鉄道,
,九州,福岡県,,福岡市営地下鉄七隈線 賀茂駅～野芥駅間,ふくおかしえいちかてつななくません かもえき～のけえきかん,鉄道,
,九州,福岡県,,福岡市営地下鉄七隈線 橋本駅,ふくおかしえいちかてつななくません はしもとえき,鉄道,
,九州,福岡県,,福岡市営地下鉄七隈線 橋本駅～次郎丸駅間,ふくおかしえいちかてつななくません はしもとえき～じろうまるえきかん,鉄道,
,九州,福岡県,,福岡市営地下鉄七隈線 金山駅,ふくおかしえいちかてつななくません かなやまえき,鉄道,
,九州,福岡県,,福岡市営地下鉄七隈線 金山駅～茶山駅間,ふくおかしえいちかてつななくません かなやまえき～ちゃやまえきかん,鉄道,
,九州,福岡県,,福岡市営地下鉄七隈線 櫛田神社前駅,ふくおかしえいちかてつななくません くしだじんじゃまええき,鉄道,
,九州,福岡県,,福岡市営地下鉄七隈線 櫛田神社前駅～博多駅,ふくおかしえいちかてつななくません くしだじんじゃまええきかん～はかたえきかん,鉄道,
,九州,福岡県,,福岡市営地下鉄七隈線 桜坂駅,ふくおかしえいちかてつななくません さくらざかえき,鉄道,
,九州,福岡県,,福岡市営地下鉄七隈線 桜坂駅～薬院大通駅間,ふくおかしえいちかてつななくません さくらざかえき～やくいんおおどおりえきかん,鉄道,
,九州,福岡県,,福岡市営地下鉄七隈線 次郎丸駅,ふくおかしえいちかてつななくません じろうまるえき,鉄道,
,九州,福岡県,,福岡市営地下鉄七隈線 次郎丸駅～賀茂駅間,ふくおかしえいちかてつななくません じろうまるえき～かもえきかん,鉄道,
,九州,福岡県,,福岡市営地下鉄七隈線 七隈駅,ふくおかしえいちかてつななくません ななくまえき,鉄道,
,九州,福岡県,,福岡市営地下鉄七隈線 七隈駅～金山駅間,ふくおかしえいちかてつななくません ななくまえき～かなやまえきかん,鉄道,
,九州,福岡県,,福岡市営地下鉄七隈線 茶山駅,ふくおかしえいちかてつななくません ちゃやまえき,鉄道,
,九州,福岡県,,福岡市営地下鉄七隈線 茶山駅～別府駅間,ふくおかしえいちかてつななくません ちゃやまえき～べっぷえきかん,鉄道,
,九州,福岡県,,福岡市営地下鉄七隈線 天神南駅,ふくおかしえいちかてつななくません てんじんみなみえき,鉄道,
,九州,福岡県,,福岡市営地下鉄七隈線 天神南駅～櫛田神社前駅間,ふくおかしえいちかてつななくません てんじんみなみえき～くしだじんじゃまええきかん,鉄道,
,九州,福岡県,,福岡市営地下鉄七隈線 渡辺通駅,ふくおかしえいちかてつななくません わたなべどおりえき,鉄道,
,九州,福岡県,,福岡市営地下鉄七隈線 渡辺通駅～天神南駅間,ふくおかしえいちかてつななくません わたなべどおりえき～てんじんみなみえきかん,鉄道,
,九州,福岡県,,福岡市営地下鉄七隈線 梅林駅,ふくおかしえいちかてつななくません うめばやしえき,鉄道,
,九州,福岡県,,福岡市営地下鉄七隈線 梅林駅～福大前駅間,ふくおかしえいちかてつななくません うめばやしえき～ふくだいまええきかん,鉄道,
,九州,福岡県,,福岡市営地下鉄七隈線 博多駅,ふくおかしえいちかてつななくません はかたえき,鉄道,
,九州,福岡県,,福岡市営地下鉄七隈線 福大前駅,ふくおかしえいちかてつななくません ふくだいまええき,鉄道,
,九州,福岡県,,福岡市営地下鉄七隈線 福大前駅～七隈駅間,ふくおかしえいちかてつななくません ふくだいまええき～ななくまえきかん,鉄道,
,九州,福岡県,,福岡市営地下鉄七隈線 別府駅,ふくおかしえいちかてつななくません べっぷえき,鉄道,
,九州,福岡県,,福岡市営地下鉄七隈線 別府駅～六本松駅間,ふくおかしえいちかてつななくません べっぷえき～ろっぽんまつえきかん,鉄道,
,九州,福岡県,,福岡市営地下鉄七隈線 野芥駅,ふくおかしえいちかてつななくません のけえき,鉄道,
,九州,福岡県,,福岡市営地下鉄七隈線 野芥駅～梅林駅間,ふくおかしえいちかてつななくません のけえき～うめばやしえきかん,鉄道,
,九州,福岡県,,福岡市営地下鉄七隈線 薬院駅,ふくおかしえいちかてつななくません やくいんえき,鉄道,
,九州,福岡県,,福岡市営地下鉄七隈線 薬院駅～渡辺通駅間,ふくおかしえいちかてつななくません やくいんえき～わたなべどおりえきかん,鉄道,
,九州,福岡県,,福岡市営地下鉄七隈線 薬院大通駅,ふくおかしえいちかてつななくません やくいんおおどおりえき,鉄道,
,九州,福岡県,,福岡市営地下鉄七隈線 薬院大通駅～薬院駅間,ふくおかしえいちかてつななくません やくいんおおどおりえき～やくいんえきかん,鉄道,
,九州,福岡県,,福岡市営地下鉄七隈線 六本松駅,ふくおかしえいちかてつななくません ろっぽんまつえき,鉄道,
,九州,福岡県,,福岡市営地下鉄七隈線 六本松駅～桜坂駅間,ふくおかしえいちかてつななくません ろっぽんまつえき～さくらざかえきかん,鉄道,
,九州,福岡県,,福岡市営地下鉄箱崎線 呉服町駅,ふくおかしえいちかてつはこざきせん ごふくちょうえき,鉄道,
,九州,福岡県,,福岡市営地下鉄箱崎線 呉服町駅～千代県庁口駅間,ふくおかしえいちかてつはこざきせん ごふくちょうえき～ちよけんちょうぐちえきかん,鉄道,
,九州,福岡県,,福岡市営地下鉄箱崎線 千代県庁口駅,ふくおかしえいちかてつはこざきせん ちよけんちょうぐちえき,鉄道,
,九州,福岡県,,福岡市営地下鉄箱崎線 千代県庁口駅～馬出九大病院前駅間,ふくおかしえいちかてつはこざきせん ちよけんちょうぐちえき～まいだしきゅうだいびょういんまええきかん,鉄道,
,九州,福岡県,,福岡市営地下鉄箱崎線 中洲川端駅,ふくおかしえいちかてつはこざきせん なかすかわばたえき,鉄道,
,九州,福岡県,,福岡市営地下鉄箱崎線 中洲川端駅～呉服町駅間,ふくおかしえいちかてつはこざきせん なかすかわばたえき～ごふくまちえきかん,鉄道,
,九州,福岡県,,福岡市営地下鉄箱崎線 天神駅～中洲川端駅間,ふくおかしえいちかてつはこざきせん てんじんえき～なかすかわばたえきかん,鉄道,
,九州,福岡県,,福岡市営地下鉄箱崎線 馬出九大病院前駅,ふくおかしえいちかてつはこざきせん まいだしきゅうだいびょういんまええき,鉄道,
,九州,福岡県,,福岡市営地下鉄箱崎線 馬出九大病院前駅～箱崎宮前駅間,ふくおかしえいちかてつはこざきせん まいだしきゅうだいびょういんまええき～はこざきみやまええきかん,鉄道,
,九州,福岡県,,福岡市営地下鉄箱崎線 箱崎宮前駅,ふくおかしえいちかてつはこざきせん はこざきみやまええき,鉄道,
,九州,福岡県,,福岡市営地下鉄箱崎線 箱崎宮前駅～箱崎九大前駅間,ふくおかしえいちかてつはこざきせん はこざきみやまええき～はこざききゅうだいまええきかん,鉄道,
,九州,福岡県,,福岡市営地下鉄箱崎線 箱崎九大前駅,ふくおかしえいちかてつはこざきせん はこざききゅうだいまええき,鉄道,
,九州,福岡県,,福岡市営地下鉄箱崎線 箱崎九大前駅～貝塚駅間,ふくおかしえいちかてつはこざきせん はこざききゅうだいまええき～かいづかえきかん,鉄道,
,九州,佐賀県,,九州新幹線 宇土手トンネル,きゅうしゅうしんかんせん うとでとんねる,鉄道,
,九州,佐賀県,,九州新幹線 下西山トンネル,きゅうしゅうしんかんせん しもにしやまとんねる,鉄道,
,九州,佐賀県,,九州新幹線 三坂トンネル,きゅうしゅうしんかんせん みさかとんねる,鉄道,
,九州,佐賀県,,九州新幹線 大草野トンネル,きゅうしゅうしんかんせん おおくさのとんねる,鉄道,
,九州,佐賀県,,九州新幹線 第１袴野トンネル,きゅうしゅうしんかんせん だいいちはかまのとんねる,鉄道,
,九州,佐賀県,,九州新幹線 第２袴野トンネル,きゅうしゅうしんかんせん だいにはかまのとんねる,鉄道,
,九州,佐賀県,,九州新幹線 内田トンネル,きゅうしゅうしんかんせん うちだとんねる,鉄道,
,九州,佐賀県,,九州新幹線 俵坂トンネル,きゅうしゅうしんかんせん たわらさかとんねる,鉄道,
,九州,佐賀県,,九州新幹線 武雄トンネル,きゅうしゅうしんかんせん たけおとんねる,鉄道,
,九州,長崎県,,九州新幹線 塩鶴トンネル,きゅうしゅうしんかんせん しおづるとんねる,鉄道,
,九州,長崎県,,九州新幹線 久山トンネル,きゅうしゅうしんかんせん くやまとんねる,鉄道,
,九州,長崎県,,九州新幹線 経ヶ岳トンネル,きゅうしゅうしんかんせん きょうがたけとんねる,鉄道,
,九州,長崎県,,九州新幹線 江ノ串トンネル,きゅうしゅうしんかんせん えのぐしとんねる,鉄道,
,九州,長崎県,,九州新幹線 高岳トンネル,きゅうしゅうしんかんせん たかだけとんねる,鉄道,
,九州,長崎県,,九州新幹線 三ノ瀬トンネル,きゅうしゅうしんかんせん さんのせとんねる,鉄道,
,九州,長崎県,,九州新幹線 松原トンネル,きゅうしゅうしんかんせん まつばらとんねる,鉄道,
,九州,長崎県,,九州新幹線 新長崎トンネル,きゅうしゅうしんかんせん しんながさきとんねる,鉄道,
,九州,長崎県,,九州新幹線 清水トンネル,きゅうしゅうしんかんせん しみずとんねる,鉄道,
,九州,長崎県,,九州新幹線 千綿トンネル,きゅうしゅうしんかんせん ちわたとんねる,鉄道,
,九州,長崎県,,九州新幹線 第１岩松トンネル,きゅうしゅうしんかんせん だいいちいわまつとんねる,鉄道,
,九州,長崎県,,九州新幹線 第１平山トンネル,きゅうしゅうしんかんせん だいいちひらやまとんねる,鉄道,
,九州,長崎県,,九州新幹線 第１本明トンネル,きゅうしゅうしんかんせん だいいちほんみょうとんねる,鉄道,
,九州,長崎県,,九州新幹線 第２岩松トンネル,きゅうしゅうしんかんせん だいにいわまつとんねる,鉄道,
,九州,長崎県,,九州新幹線 第２平山トンネル,きゅうしゅうしんかんせん だいにひらやまとんねる,鉄道,
,九州,長崎県,,九州新幹線 第２本明トンネル,きゅうしゅうしんかんせん だいにほんみょうとんねる,鉄道,
,九州,長崎県,,九州新幹線 第３岩松トンネル,きゅうしゅうしんかんせん だいさんいわまつとんねる,鉄道,
,九州,長崎県,,九州新幹線 彼杵トンネル,きゅうしゅうしんかんせん そのぎとんねる,鉄道,
,九州,長崎県,,九州新幹線 平間トンネル,きゅうしゅうしんかんせん ひらまとんねる,鉄道,
,九州,長崎県,,九州新幹線 木場トンネル,きゅうしゅうしんかんせん こばとんねる,鉄道,
,九州,長崎県,,九州新幹線 鈴田トンネル,きゅうしゅうしんかんせん すずたとんねる,鉄道,
,九州,長崎県,,九州新幹線 諫早トンネル,きゅうしゅうしんかんせん いさはやとんねる,鉄道,
,九州,熊本県,,九州新幹線 小田代トンネル,きゅうしゅうしんかんせん おたしろとんねる,鉄道,
,九州,熊本県,,九州新幹線 水俣トンネル,きゅうしゅうしんかんせん みなまたとんねる,鉄道,
,九州,熊本県,,九州新幹線 袋トンネル,きゅうしゅうしんかんせん ふくろとんねる,鉄道,
,九州,大分県,,隠山トンネル,かくれやまとんねる,トンネル,
,九州,大分県,,臼杵トンネル,うすきとんねる,トンネル,
,九州,大分県,,臼津トンネル,きゅうしんとんねる,トンネル,
,九州,大分県,,乙原トンネル,おとばるとんねる,トンネル,
,九州,大分県,,九六位トンネル,くろくいとんねる,トンネル,
,九州,大分県,,向ヶ平トンネル,むかいがひらとんねる,トンネル,
,九州,大分県,,南端トンネル,みなみはたとんねる,トンネル,
,九州,大分県,,法花寺第一トンネル,ほげじだいいちとんねる,トンネル,
,九州,大分県,,法花寺第二トンネル,ほげじだいにとんねる,トンネル,
,九州,大分県,,豊岡第２トンネル,とよおかだいにとんねる,トンネル,
,九州,宮崎県,,加久藤トンネル,かくとうとんねる,トンネル,
,九州,鹿児島県,,九州新幹線 宇都野トンネル,きゅうしゅうしんかんせん うつのとんねる,鉄道,
,九州,鹿児島県,,九州新幹線 関外トンネル,きゅうしゅうしんかんせん せきがいとんねる,鉄道,
,九州,鹿児島県,,九州新幹線 境川トンネル,きゅうしゅうしんかんせん さかいがわとんねる,鉄道,
,九州,鹿児島県,,九州新幹線 薩摩田上トンネル,きゅうしゅうしんかんせん さつまたがみとんねる,鉄道,
,九州,鹿児島県,,九州新幹線 小原トンネル,きゅうしゅうしんかんせん こはらとんねる,鉄道,
,九州,鹿児島県,,九州新幹線 針原トンネル,きゅうしゅうしんかんせん はりはらとんねる,鉄道,
,九州,鹿児島県,,九州新幹線 前田トンネル,きゅうしゅうしんかんせん まえだとんねる,鉄道,
,九州,鹿児島県,,九州新幹線 第１冠岳トンネル,きゅうしゅうしんかんせん だいいちかんむりだけとんねる,鉄道,
,九州,鹿児島県,,九州新幹線 第１紫尾山トンネル,きゅうしゅうしんかんせん だいいちしびさんとんねる,鉄道,
,九州,鹿児島県,,九州新幹線 第２冠岳トンネル,きゅうしゅうしんかんせん だいにかんむりだけとんねる,鉄道,
,九州,鹿児島県,,九州新幹線 第２薩摩トンネル,きゅうしゅうしんかんせん だいにさつまとんねる,鉄道,
,九州,鹿児島県,,九州新幹線 第２紫尾山トンネル,きゅうしゅうしんかんせん だいにしびさんとんねる,鉄道,
,九州,鹿児島県,,九州新幹線 第３薩摩トンネル,きゅうしゅうしんかんせん だいさんさつまとんねる,鉄道,
,九州,鹿児島県,,九州新幹線 第４薩摩トンネル,きゅうしゅうしんかんせん だいよんさつまとんねる,鉄道,
,九州,鹿児島県,,九州新幹線 第５薩摩トンネル,きゅうしゅうしんかんせん だいごさつまとんねる,鉄道,
,九州,鹿児島県,,九州新幹線 第６薩摩トンネル,きゅうしゅうしんかんせん だいろくさつまとんねる,鉄道,
,九州,鹿児島県,,武岡トンネル,たけおかとんねる,トンネル,
,九州,鹿児島県,,北薩トンネル,ほくさつとんねる,トンネル,
,中央,埼玉県,,川口市立医療センター,かわぐちしりついりょうせんたー,病院,
,中央,埼玉県,,JR東日本 浦和駅,じぇいあーるひがしにほん うらわえき,鉄道,
,中央,埼玉県,,埼玉高速鉄道線 戸塚安行駅,さいたまこうそくてつどうせん とつかあんぎょうえき,鉄道,
,中央,埼玉県,,埼玉高速鉄道線 戸塚安行駅～東川口駅間,さいたまこうそくてつどうせん とつかあんぎょうえき～ひがしかわぐちえきかん,鉄道,
,中央,埼玉県,,埼玉高速鉄道線 新井宿駅,さいたまこうそくてつどうせん あらいじゅくえき,鉄道,
,中央,埼玉県,,埼玉高速鉄道線 新井宿駅～戸塚安行駅間,さいたまこうそくてつどうせん あらいじゅくえき～とつかあんぎょうえきかん,鉄道,
,中央,埼玉県,,埼玉高速鉄道線 赤羽岩淵駅～川口元郷駅間,さいたまこうそくてつどうせん あかばねいわぶちえき～かわぐちもとごうえきかん,鉄道,
,中央,埼玉県,,埼玉高速鉄道線 川口元郷駅,さいたまこうそくてつどうせん かわぐちもとごうえき,鉄道,
,中央,埼玉県,,埼玉高速鉄道線 川口元郷駅～南鳩ヶ谷駅間,さいたまこうそくてつどうせん かわぐちもとごうえき～みなみはとがやえきかん,鉄道,
,中央,埼玉県,,埼玉高速鉄道線 東川口駅,さいたまこうそくてつどうせん ひがしかわぐちえき,鉄道,
,中央,埼玉県,,埼玉高速鉄道線 東川口駅～浦和美園駅間,さいたまこうそくてつどうせん ひがしかわぐちえき～うらわみそのえきかん,鉄道,
,中央,埼玉県,,埼玉高速鉄道線 南鳩ヶ谷駅,さいたまこうそくてつどうせん みなみはとがやえき,鉄道,
,中央,埼玉県,,埼玉高速鉄道線 南鳩ヶ谷駅～鳩ヶ谷駅間,さいたまこうそくてつどうせん みなみはとがやえき～はとがやえきかん,鉄道,
,中央,埼玉県,,埼玉高速鉄道線 鳩ヶ谷駅,さいたまこうそくてつどうせん はとがやえき,鉄道,
,中央,埼玉県,,埼玉高速鉄道線 鳩ヶ谷駅～新井宿駅間,さいたまこうそくてつどうせん はとがやえき～あらいじゅくえきかん,鉄道,
,中央,埼玉県,,西武山口線 遊園地西駅～西武球場前駅間,せいぶやまぐちせん ゆうえんちにしえき～せいぶきゅうじょうまええきかん,鉄道,
,中央,埼玉県,,西武秩父線 芦ヶ久保駅～横瀬駅間,せいぶちちぶせん あしがくぼえき～よこぜえきかん,鉄道,
,中央,埼玉県,,西武秩父線 横瀬駅～西武秩父駅間,せいぶちちぶせん よこせえき～せいぶちちぶえきかん,鉄道,
,中央,埼玉県,,西武秩父線 吾野駅～西吾野駅間,せいぶちちぶせん あがのえき～にしあがのえきかん,鉄道,
,中央,埼玉県,,西武秩父線 正丸駅～芦ヶ久保駅間,せいぶちちぶせん しょうまるえき～あしがくぼえきかん,鉄道,
,中央,埼玉県,,西武秩父線 西吾野駅～正丸駅間,せいぶちちぶせん にしあがのえき～しょうまるえきかん,鉄道,
,中央,埼玉県,,西武秩父線 東吾野駅～吾野駅間,せいぶちちぶせん ひがしあがのえき～あがのえきかん,鉄道,
,中央,千葉県,,国保直営総合病院君津中央病院,こくほちょくえいそうごうびょういんきみつゆうおうびょういん,病院,
,中央,千葉県,,JR東日本 松戸駅,じぇいあーるひがしにほん まつどえき,鉄道,
,中央,千葉県,,JR東日本 千葉駅,じぇいあーるひがしにほん ちばえき,鉄道,
,中央,千葉県,,JR東日本 津田沼駅,じぇいあーるひがしにほん つだぬまえき,鉄道,
,中央,千葉県,,JR東日本 柏駅,じぇいあーるひがしにほん かしわえき,鉄道,
,中央,千葉県,,JR東日本 舞浜駅,じぇいあーるひがしにほん まいはまえき,鉄道,
,中央,千葉県,,JR東日本成田線 空港第２ビル駅,じぇいあーるひがしにほんなりたせん くうこうだいにびるえき,鉄道,
,中央,千葉県,,JR東日本成田線 成田空港駅,じぇいあーるひがしにほんなりたせん なりたくうこうえき,鉄道,
,中央,千葉県,,JR東日本武蔵野線 新八柱駅,じぇいあーるひがしにほんむさしのせん しんやはしらえき,鉄道,
,中央,千葉県,,JR東日本武蔵野線 新八柱駅前後のトンネル,じぇいあーるひがしにほんむさしのせん しんやはしらえきぜんごのとんねる,鉄道,
,中央,千葉県,,京成成田空港線（成田スカイアクセス） 成田空港駅,けいせいなりたくうこうせん なりたくうこうえき,鉄道,
,中央,千葉県,,京成千原線 大森台駅,けいせいちはらせん おおもりだいえき,鉄道,
,中央,千葉県,,京成線 成田湯川トンネル,けいせいせん なりたゆかわとんねる,鉄道,
,中央,千葉県,,京成東成田線 京成成田駅～東成田駅間,けいせいひがしなりたせん けいせいなりたえき～ひがしなりたえきかん,鉄道,
,中央,千葉県,,京成本線 空港第２ビル駅,けいせいほんせん くうこうだいにびるえき,鉄道,
,中央,千葉県,,京成本線 公津の杜駅～京成成田駅間,けいせいほんせん こうづのもりえき～けいせいなりたえきかん,鉄道,
,中央,千葉県,,京成本線 宗吾参道駅～公津の杜駅間,けいせいほんせん そうごさんどうえき～こうづのもりえきかん,鉄道,
,中央,千葉県,,京成本線 成田空港駅,けいせいほんせん なりたくうこうえき,鉄道,
,中央,千葉県,,京成本線 東成田駅,けいせいほんせん ひがしなりたえき,鉄道,
,中央,千葉県,,芝山鉄道線 東成田駅～芝山千代田駅間,しばやまてつどうせん ひがしなりたえき～しばやまちよだえきかん,鉄道,
,中央,千葉県,,都営地下鉄新宿線 本八幡駅,とえいちかてつしんじゅくせん もとやわたえき,鉄道,
,中央,千葉県,,京成本線 台ノ田トンネル,けいせいほんせん だいのたとんねる,鉄道,
,中央,千葉県,,北総鉄道北総線 新鎌ヶ谷駅～西白井駅間トンネル,ほくそうてつどうほくそうせん しんかまがやえき～にししろいえきかんとんねる,鉄道,
,中央,千葉県,,北総鉄道北総線 東松戸駅～松飛台駅間トンネル,ほくそうてつどうほくそうせん ひがしまつどえき～まつひだいえきかんとんねる,鉄道,
,中央,千葉県,,外環千葉県区間トンネル,がいかんちばけんくかんとんねる,トンネル,
,中央,東京都,,公立福生病院,こうりつふっさびょういん,病院,
,中央,東京都,,国立病院機構災害医療センター,こくりつびょういんきこうさいがいいりょうせんたー,病院,
,中央,東京都,,エチカフィット上野,えちかふぃっとうえの,施設,
,中央,東京都,,渋谷地下街,しぶやちかがい,施設,
,中央,東京都,,新橋駅地下街,しんばしえきちかがい,施設,
,中央,東京都,,新宿サブナード,しんじゅくさぶなーど,施設,
,中央,東京都,,東京駅地下街,とうきょうえきちかがい,施設,
,中央,東京都,,広小路駐車場,ひろこうじちゅうしゃじょう,施設,
,中央,東京都,,上野地下歩道,うえのちかほどう,施設,
,中央,東京都,,本町駐車場,ほんまちちゅうしゃじょう,施設,
,中央,東京都,,JR東日本 蒲田駅,じぇいあーるひがしにほん かまたえき,鉄道,
,中央,東京都,,JR東日本 吉祥寺駅,じぇいあーるひがしにほん きちじょうじえき,鉄道,
,中央,東京都,,JR東日本 錦糸町駅,じぇいあーるひがしにほん きんしちょうえき,鉄道,
,中央,東京都,,JR東日本 五反田駅,じぇいあーるひがしにほん ごたんだえき,鉄道,
,中央,東京都,,JR東日本 御茶ノ水駅,じぇいあーるひがしにほん おちゃのみずえき,鉄道,
,中央,東京都,,JR東日本 国立駅,じぇいあーるひがしにほん くにたちえき,鉄道,
,中央,東京都,,JR東日本 四ツ谷駅,じぇいあーるひがしにほん よつやえき,鉄道,
,中央,東京都,,JR東日本 上野駅,じぇいあーるひがしにほん うえのえき,鉄道,
,中央,東京都,,JR東日本 神田駅,じぇいあーるひがしにほん かんだえき,鉄道,
,中央,東京都,,JR東日本 水道橋駅,じぇいあーるひがしにほん すいどうばしえき,鉄道,
,中央,東京都,,JR東日本 西大井駅,じぇいあーるひがしにほん にしおおいえき,鉄道,
,中央,東京都,,JR東日本 赤羽駅,じぇいあーるひがしにほん あかばねえき,鉄道,
,中央,東京都,,JR東日本 浅草橋駅,じぇいあーるひがしにほん あさくさばしえき,鉄道,
,中央,東京都,,JR東日本 巣鴨駅,じぇいあーるひがしにほん すがもえき,鉄道,
,中央,東京都,,JR東日本 代々木駅,じぇいあーるひがしにほん よよぎえき,鉄道,
,中央,東京都,,JR東日本 大井町駅,じぇいあーるひがしにほん おおいまちえき,鉄道,
,中央,東京都,,JR東日本 大崎駅,じぇいあーるひがしにほん おおさきえき,鉄道,
,中央,東京都,,JR東日本 大塚駅,じぇいあーるひがしにほん おおつかえき,鉄道,
,中央,東京都,,JR東日本 池袋駅,じぇいあーるひがしにほん いけぶくろえき,鉄道,
,中央,東京都,,JR東日本 町田駅,じぇいあーるひがしにほん まちだえき,鉄道,
,中央,東京都,,JR東日本 田町駅,じぇいあーるひがしにほん たまちえき,鉄道,
,中央,東京都,,JR東日本 東京駅,じぇいあーるひがしにほん とうきょうえき,鉄道,
,中央,東京都,,JR東日本 品川駅,じぇいあーるひがしにほん しながわえき,鉄道,
,中央,東京都,,JR東日本 浜松町駅,じぇいあーるひがしにほん はままつちょうえき,鉄道,
,中央,東京都,,JR東日本 北千住駅,じぇいあーるひがしにほん きたせんじゅえき,鉄道,
,中央,東京都,,JR東日本 目黒駅,じぇいあーるひがしにほん めぐろえき,鉄道,
,中央,東京都,,JR東日本 目黒駅コンコース,じぇいあーるひがしにほん めぐろえきこんこーす,鉄道,
,中央,東京都,,JR東日本 有楽町駅,じぇいあーるひがしにほん ゆうらくちょうえき,鉄道,
,中央,東京都,,JR東日本 立川駅,じぇいあーるひがしにほん たちかわえき,鉄道,
,中央,東京都,,JR東日本京葉線 東京駅,じぇいあーるひがしにほんけいようせん とうきょうえき,鉄道,
,中央,東京都,,JR東日本京葉線 八丁堀駅,じぇいあーるひがしにほんけいようせん はっちょうぼりえき,鉄道,
,中央,東京都,,JR東日本総武本線 新橋駅,じぇいあーるひがしにほんそうぶほんせん しんばしえき,鉄道,
,中央,東京都,,JR東日本総武本線 新日本橋駅,じぇいあーるひがしにほんそうぶほんせん しんにほんばしえき,鉄道,
,中央,東京都,,JR東日本総武本線 東京駅,じぇいあーるひがしにほんそうぶほんせん とうきょうえき,鉄道,
,中央,東京都,,JR東日本総武本線 馬喰町駅,じぇいあーるひがしにほんそうぶほんせん ばくろちょうえき,鉄道,
,中央,東京都,,りんかい線 国際展示場駅,りんかいせん こくさいてんじじょうえき,鉄道,
,中央,東京都,,りんかい線 国際展示場駅～東京テレポート駅間,りんかいせん こくさいてんじじょうえき～とうきょうてれぽーとえきかん,鉄道,
,中央,東京都,,りんかい線 大井町駅,りんかいせん おおいまちえき,鉄道,
,中央,東京都,,りんかい線 大井町駅～大崎駅間,りんかいせん おおいまちえき～おおさきえきかん,鉄道,
,中央,東京都,,りんかい線 天王洲アイル駅～品川シーサイド駅間,りんかいせん てんのうずあいるえき～しながわしーさいどえきかん,鉄道,
,中央,東京都,,りんかい線 東雲駅～国際展示場駅間,りんかいせん しののめえき～こくさいてんじじょうえきかん,鉄道,
,中央,東京都,,りんかい線 東京テレポート駅～天王洲アイル駅間,りんかいせん とうきょうてれぽーとえき～てんのうずあいるえきかん,鉄道,
,中央,東京都,,りんかい線 品川シーサイド駅～大井町駅間,りんかいせん しながわしーさいどえき～おおいまちえきかん,鉄道,
,中央,東京都,,京王井の頭線 神泉駅,けいおういのがしらせん しんせんえき,鉄道,
,中央,東京都,,京王線 京王八王子駅,けいおうせん けいおうはちおうじえき,鉄道,
,中央,東京都,,京王線 国領駅,けいおうせん こくりょうえき,鉄道,
,中央,東京都,,京王線 国領駅～布田駅間,けいおうせん こくりょうえき～ふだえきかん,鉄道,
,中央,東京都,,京王線 柴崎駅～国領駅間,けいおうせん しばさきえき～こくりょうえきかん,鉄道,
,中央,東京都,,京王線 調布駅,けいおうせん ちょうふえき,鉄道,
,中央,東京都,,京王線 調布駅～西調布駅間,けいおうせん ちょうふえき～にしちょうふえきかん,鉄道,
,中央,東京都,,京王線 布田駅,けいおうせん ふだえき,鉄道,
,中央,東京都,,京王線 布田駅～調布駅間,けいおうせん ふだえき～ちょうふえきかん,鉄道,
,中央,東京都,,京王線 北野駅～京王八王子駅間,けいおうせん きたのえき～けいおうはちおうじえきかん,鉄道,
,中央,東京都,,京王相模原線 京王多摩センター駅～京王堀之内駅間,けいおうさがみはらせん けいおうたませんたーえき～けいおうほりのうちえきかん,鉄道,
,中央,東京都,,京王相模原線 調布駅～京王多摩川駅間,けいおうさがみはらせん ちょうふえき～けいおうたまがわえきかん,鉄道,
,中央,東京都,,京王相模原線 南大沢駅～多摩境駅間,けいおうさがみはらせん みなみおおさわえき　たまざかいえきかん,鉄道,
,中央,東京都,,京急空港線 羽田空港第１・第２ターミナル駅,けいきゅうくうこうせん はねだくうこうだいいち・だいにたーみなるえき,鉄道,
,中央,東京都,,京急空港線 羽田空港第３ターミナル駅,けいきゅうくうこうせん はねだくうこうだいさんたーみなるえき,鉄道,
,中央,東京都,,京急空港線 羽田空港第３ターミナル駅～羽田空港第１・第２ターミナル駅間,けいきゅうくうこうせん はねだくうこうだいさんたーみなるえき～はねだくうこうだいいち・だいにたーみなるえきかん,鉄道,
,中央,東京都,,京急空港線 穴守稲荷駅～天空橋駅間,けいきゅうくうこうせん あなもりいなりえき～てんくうばしえきかん,鉄道,
,中央,東京都,,京急空港線 大鳥居駅,けいきゅうくうこうせん おおとりいえき,鉄道,
,中央,東京都,,京急空港線 天空橋駅,けいきゅうくうこうせん てんくうばしえき,鉄道,
,中央,東京都,,京急空港線 天空橋駅～羽田空港第３ターミナル駅間,けいきゅうくうこうせん てんくうばしえき～はねだくうこうだいさんたーみなるえきかん,鉄道,
,中央,東京都,,京急本線 泉岳寺駅,けいきゅうほんせん せんがくじえき,鉄道,
,中央,東京都,,京急本線 泉岳寺駅～品川駅間,けいきゅうほんせん せんがくじえき～しながわえきかん,鉄道,
,中央,東京都,,京成押上線 押上駅,けいせいおしあげせん おしあげえき,鉄道,
,中央,東京都,,京成押上線 押上駅～京成曳舟駅間,けいせいおしあげせん おしあげえき～けいせいひきふねえきかん,鉄道,
,中央,東京都,,京成本線 京成上野駅～日暮里駅間,けいせいほんせん けいせいうえのえき～にっぽりえきかん,鉄道,
,中央,東京都,,虎ノ門ヒルズ駅地下通路,とらのもんひるずえきちかつうろ,鉄道,
,中央,東京都,,小田急小田原線 下北沢駅,おだきゅうおだわらせん しもきたざわえき,鉄道,
,中央,東京都,,小田急小田原線 下北沢駅～世田谷代田駅間,おだきゅうおだわらせん しもきたざわえき～せたがやだいたえきかん,鉄道,
,中央,東京都,,小田急小田原線 新宿駅,おだきゅうおだわらせん しんじゅくえき,鉄道,
,中央,東京都,,小田急小田原線 世田谷代田駅,おだきゅうおだわらせん せたがやしろたえき,鉄道,
,中央,東京都,,小田急小田原線 世田谷代田駅～梅ヶ丘駅間,おだきゅうおだわらせん せたがやしろたえき～うめがおかえきかん,鉄道,
,中央,東京都,,小田急小田原線 成城学園前駅,おだきゅうおだわらせん せいじょうがくえんまええき,鉄道,
,中央,東京都,,小田急小田原線 成城学園前駅～喜多見駅間,おだきゅうおだわらせん せいじょうがくえんまええき～きたみえきかん,鉄道,
,中央,東京都,,小田急小田原線 祖師ヶ谷大蔵駅～成城学園前駅間,おだきゅうおだわらせん そしがやおおくらえき～せいじょうがくえんまええきかん,鉄道,
,中央,東京都,,小田急小田原線 代々木上原駅～東北沢駅間,おだきゅうおだわらせん よよぎうえはらえき～ひがしきたざわえきかん,鉄道,
,中央,東京都,,小田急小田原線 東北沢駅,おだきゅうおだわらせん ひがしきたざわえき,鉄道,
,中央,東京都,,小田急小田原線 東北沢駅～下北沢駅間,おだきゅうおだわらせん ひがしきたざわえき～しもきたざわえきかん,鉄道,
,中央,東京都,,上越新幹線 上野駅,じょうえつしんかんせん うえのえき,鉄道,
,中央,東京都,,西武山口線 西武遊園地駅～遊園地西駅間,せいぶやまぐちせん せいぶゆうえんちえき～ゆうえんちにしえきかん,鉄道,
,中央,東京都,,多摩都市モノレール 多摩動物公園駅～中央大学・明星大学駅間,たまとしものれーる たまどうぶつこうえんえき～ちゅうおうだいがく・めいせいだいがくえきかん,鉄道,
,中央,東京都,,都営地下鉄三田線 御成門駅,とえいちかてつみたせん おなりもんえき,鉄道,
,中央,東京都,,都営地下鉄三田線 御成門駅～内幸町駅間,とえいちかてつみたせん おなりもんえき～うちさいわいちょうえきかん,鉄道,
,中央,東京都,,都営地下鉄三田線 三田駅,とえいちかてつみたせん みたえき,鉄道,
,中央,東京都,,都営地下鉄三田線 三田駅～芝公園駅間,とえいちかてつみたせん みたえき～しばこうえんえきかん,鉄道,
,中央,東京都,,都営地下鉄三田線 志村坂上駅,とえいちかてつみたせん しむらさかうええき,鉄道,
,中央,東京都,,都営地下鉄三田線 志村坂上駅～志村三丁目駅間,とえいちかてつみたせん しむらさかうええき～しむらさんちょうめえきかん,鉄道,
,中央,東京都,,都営地下鉄三田線 芝公園駅,とえいちかてつみたせん しばこうえんえき,鉄道,
,中央,東京都,,都営地下鉄三田線 芝公園駅～御成門駅間,とえいちかてつみたせん しばこうえんえき～おなりもんえきかん,鉄道,
,中央,東京都,,都営地下鉄三田線 春日駅,とえいちかてつみたせん かすがえき,鉄道,
,中央,東京都,,都営地下鉄三田線 春日駅～白山駅間,とえいちかてつみたせん かすがえき～はくさんえきかん,鉄道,
,中央,東京都,,都営地下鉄三田線 新板橋駅,とえいちかてつみたせん しんいたばしえき,鉄道,
,中央,東京都,,都営地下鉄三田線 新板橋駅～板橋区役所前駅間,とえいちかてつみたせん しんいたばしえき～いたばしくやくしょまええきかん,鉄道,
,中央,東京都,,都営地下鉄三田線 神保町駅,とえいちかてつみたせん じんぼうちょうえき,鉄道,
,中央,東京都,,都営地下鉄三田線 神保町駅～水道橋駅間,とえいちかてつみたせん じんぼうちょうえき～すいどうばしえきかん,鉄道,
,中央,東京都,,都営地下鉄三田線 水道橋駅,とえいちかてつみたせん すいどうばしえき,鉄道,
,中央,東京都,,都営地下鉄三田線 水道橋駅～春日駅間,とえいちかてつみたせん すいどうばしえき～かすがえきかん,鉄道,
,中央,東京都,,都営地下鉄三田線 西巣鴨駅,とえいちかてつみたせん にしすがもえき,鉄道,
,中央,東京都,,都営地下鉄三田線 西巣鴨駅～新板橋駅間,とえいちかてつみたせん にしすがもえき～しんいたばしえきかん,鉄道,
,中央,東京都,,都営地下鉄三田線 千石駅,とえいちかてつみたせん せんごくえき,鉄道,
,中央,東京都,,都営地下鉄三田線 千石駅～巣鴨駅間,とえいちかてつみたせん せんごくえき～すがもえきかん,鉄道,
,中央,東京都,,都営地下鉄三田線 巣鴨駅,とえいちかてつみたせん すがもえき,鉄道,
,中央,東京都,,都営地下鉄三田線 巣鴨駅～西巣鴨駅間,とえいちかてつみたせん すがもえき～にしすがもえきかん,鉄道,
,中央,東京都,,都営地下鉄三田線 大手町駅,とえいちかてつみたせん おおてまちえき,鉄道,
,中央,東京都,,都営地下鉄三田線 大手町駅～神保町駅間,とえいちかてつみたせん おおてまちえき～じんぼうちょうえきかん,鉄道,
,中央,東京都,,都営地下鉄三田線 内幸町駅,とえいちかてつみたせん うちさいわいちょうえき,鉄道,
,中央,東京都,,都営地下鉄三田線 内幸町駅～日比谷駅間,とえいちかてつみたせん うちさいわいちょうえき～ひびやえきかん,鉄道,
,中央,東京都,,都営地下鉄三田線 日比谷駅,とえいちかてつみたせん ひびやえき,鉄道,
,中央,東京都,,都営地下鉄三田線 日比谷駅～大手町駅間,とえいちかてつみたせん ひびやえき～おおてまちえきかん,鉄道,
,中央,東京都,,都営地下鉄三田線 白金高輪駅,とえいちかてつみたせん しろかねたかなわえき,鉄道,
,中央,東京都,,都営地下鉄三田線 白金高輪駅～三田駅間,とえいちかてつみたせん しろかねたかなわえき～みたえきかん,鉄道,
,中央,東京都,,都営地下鉄三田線 白金台駅,とえいちかてつみたせん しろかねだいえき,鉄道,
,中央,東京都,,都営地下鉄三田線 白山駅,とえいちかてつみたせん しらやまえき,鉄道,
,中央,東京都,,都営地下鉄三田線 白山駅～千石駅間,とえいちかてつみたせん はくさんえき～せんごくえきかん,鉄道,
,中央,東京都,,都営地下鉄三田線 板橋区役所前駅,とえいちかてつみたせん いたばしくやくしょまええき,鉄道,
,中央,東京都,,都営地下鉄三田線 板橋区役所前駅～板橋本町駅間,とえいちかてつみたせん いたばしくやくしょまええき～いたばしほんちょうえきかん,鉄道,
,中央,東京都,,都営地下鉄三田線 板橋本町駅,とえいちかてつみたせん いたばしほんちょうえき,鉄道,
,中央,東京都,,都営地下鉄三田線 板橋本町駅～本蓮沼駅間,とえいちかてつみたせん いたばしほんちょうえき～もとはすぬまえきかん,鉄道,
,中央,東京都,,都営地下鉄三田線 本蓮沼駅,とえいちかてつみたせん もとはすぬまえき,鉄道,
,中央,東京都,,都営地下鉄三田線 本蓮沼駅～志村坂上駅間,とえいちかてつみたせん もとはすぬまえき～しむらさかうええきかん,鉄道,
,中央,東京都,,都営地下鉄三田線 目黒駅,とえいちかてつみたせん めぐろえき,鉄道,
,中央,東京都,,都営地下鉄新宿線 一之江駅,とえいちかてつしんじゅくせん いちのええき,鉄道,
,中央,東京都,,都営地下鉄新宿線 一之江駅～瑞江駅間,とえいちかてつしんじゅくせん いちのええき～みずええきかん,鉄道,
,中央,東京都,,都営地下鉄新宿線 岩本町駅,とえいちかてつしんじゅくせん いわもとちょうえき,鉄道,
,中央,東京都,,都営地下鉄新宿線 岩本町駅～馬喰横山駅間,とえいちかてつしんじゅくせん いわもとちょうえき～ばくろよこやまえきかん,鉄道,
,中央,東京都,,都営地下鉄新宿線 菊川駅,とえいちかてつしんじゅくせん きくかわえき,鉄道,
,中央,東京都,,都営地下鉄新宿線 菊川駅～住吉駅間,とえいちかてつしんじゅくせん きくかわえき～すみよしえきかん,鉄道,
,中央,東京都,,都営地下鉄新宿線 九段下駅,とえいちかてつしんじゅくせん くだんしたえき,鉄道,
,中央,東京都,,都営地下鉄新宿線 九段下駅～神保町駅間,とえいちかてつしんじゅくせん くだんしたえき～じんぼうちょうえきかん,鉄道,
,中央,東京都,,都営地下鉄新宿線 市ヶ谷駅,とえいちかてつしんじゅくせん いちがやえき,鉄道,
,中央,東京都,,都営地下鉄新宿線 市ヶ谷駅～九段下駅間,とえいちかてつしんじゅくせん いちがやえき～くだんしたえきかん,鉄道,
,中央,東京都,,都営地下鉄新宿線 篠崎駅,とえいちかてつしんじゅくせん しのざきえき,鉄道,
,中央,東京都,,都営地下鉄新宿線 篠崎駅～本八幡駅間,とえいちかてつしんじゅくせん しのざきえき～もとやわたえきかん,鉄道,
,中央,東京都,,都営地下鉄新宿線 住吉駅,とえいちかてつしんじゅくせん すみよしえき,鉄道,
,中央,東京都,,都営地下鉄新宿線 住吉駅～西大島駅間,とえいちかてつしんじゅくせん すみよしえき～にしおおじまえきかん,鉄道,
,中央,東京都,,都営地下鉄新宿線 曙橋駅,とえいちかてつしんじゅくせん あけぼのばしえき,鉄道,
,中央,東京都,,都営地下鉄新宿線 曙橋駅～市ヶ谷駅間,とえいちかてつしんじゅくせん あけぼのばしえき～いちがやえきかん,鉄道,
,中央,東京都,,都営地下鉄新宿線 小川町駅,とえいちかてつしんじゅくせん おがわまちえき,鉄道,
,中央,東京都,,都営地下鉄新宿線 小川町駅～岩本町駅間,とえいちかてつしんじゅくせん おがわまちえき～いわもとちょうえきかん,鉄道,
,中央,東京都,,都営地下鉄新宿線 新宿駅～新宿三丁目駅間,とえいちかてつしんじゅくせん しんじゅくえき～しんじゅくさんちょうめえきかん,鉄道,
,中央,東京都,,都営地下鉄新宿線 新宿三丁目駅,とえいちかてつしんじゅくせん しんじゅくさんちょうめえき,鉄道,
,中央,東京都,,都営地下鉄新宿線 新宿三丁目駅～曙橋駅間,とえいちかてつしんじゅくせん しんじゅくさんちょうめえき～あけぼのばしえきかん,鉄道,
,中央,東京都,,都営地下鉄新宿線 森下駅,とえいちかてつしんじゅくせん もりしたえき,鉄道,
,中央,東京都,,都営地下鉄新宿線 森下駅～菊川駅間,とえいちかてつしんじゅくせん もりしたえき～きくかわえきかん,鉄道,
,中央,東京都,,都営地下鉄新宿線 神保町駅,とえいちかてつしんじゅくせん じんぼうちょうえき,鉄道,
,中央,東京都,,都営地下鉄新宿線 神保町駅～小川町駅間,とえいちかてつしんじゅくせん じんぼうちょうえき～おがわまちえきかん,鉄道,
,中央,東京都,,都営地下鉄新宿線 瑞江駅,とえいちかてつしんじゅくせん みずええき,鉄道,
,中央,東京都,,都営地下鉄新宿線 瑞江駅～篠崎駅間,とえいちかてつしんじゅくせん みずええき～しのざきえきかん,鉄道,
,中央,東京都,,都営地下鉄新宿線 西大島駅,とえいちかてつしんじゅくせん にしおおしまえき,鉄道,
,中央,東京都,,都営地下鉄新宿線 西大島駅～大島駅間,とえいちかてつしんじゅくせん にしおおしまえき～おおしまえきかん,鉄道,
,中央,東京都,,都営地下鉄新宿線 船堀駅～一之江駅間,とえいちかてつしんじゅくせん ふなぼりえき～いちのええきかん,鉄道,
,中央,東京都,,都営地下鉄新宿線 大島駅,とえいちかてつしんじゅくせん おおしまえき,鉄道,
,中央,東京都,,都営地下鉄新宿線 大島駅～東大島駅間,とえいちかてつしんじゅくせん おおしまえき～ひがしおおしまえきかん,鉄道,
,中央,東京都,,都営地下鉄新宿線 馬喰横山駅,とえいちかてつしんじゅくせん ばくろよこやまえき,鉄道,
,中央,東京都,,都営地下鉄新宿線 馬喰横山駅～浜町駅間,とえいちかてつしんじゅくせん ばくろよこやまえき～はまちょうえきかん,鉄道,
,中央,東京都,,都営地下鉄新宿線 浜町駅,とえいちかてつしんじゅくせん はまちょうえき,鉄道,
,中央,東京都,,都営地下鉄新宿線 浜町駅～森下駅間,とえいちかてつしんじゅくせん はまちょうえき～もりしたえきかん,鉄道,
,中央,東京都,,都営地下鉄浅草線 押上駅,とえいちかてつあさくさせん おしあげえき,鉄道,
,中央,東京都,,都営地下鉄浅草線 戸越駅,とえいちかてつあさくさせん とごしえき,鉄道,
,中央,東京都,,都営地下鉄浅草線 戸越駅～五反田駅間,とえいちかてつあさくさせん とごしえき～ごたんだえきかん,鉄道,
,中央,東京都,,都営地下鉄浅草線 五反田駅,とえいちかてつあさくさせん ごたんだえき,鉄道,
,中央,東京都,,都営地下鉄浅草線 五反田駅～高輪台駅間,とえいちかてつあさくさせん ごたんだえき～たかなわだいえきかん,鉄道,
,中央,東京都,,都営地下鉄浅草線 高輪台駅,とえいちかてつあさくさせん たかなわだいえき,鉄道,
,中央,東京都,,都営地下鉄浅草線 高輪台駅～泉岳寺駅間,とえいちかてつあさくさせん たかなわだいえき～せんがくじえきかん,鉄道,
,中央,東京都,,都営地下鉄浅草線 三田駅,とえいちかてつあさくさせん みたえき,鉄道,
,中央,東京都,,都営地下鉄浅草線 三田駅～大門駅間,とえいちかてつあさくさせん みたえき～だいもんえきかん,鉄道,
,中央,東京都,,都営地下鉄浅草線 新橋駅,とえいちかてつあさくさせん しんばしえき,鉄道,
,中央,東京都,,都営地下鉄浅草線 新橋駅～東銀座駅間,とえいちかてつあさくさせん しんばしえき～ひがしぎんざえきかん,鉄道,
,中央,東京都,,都営地下鉄浅草線 人形町駅,とえいちかてつあさくさせん にんぎょうちょうえき,鉄道,
,中央,東京都,,都営地下鉄浅草線 人形町駅～東日本橋駅間,とえいちかてつあさくさせん にんぎょうちょうえき～ひがしにほんばしえきかん,鉄道,
,中央,東京都,,都営地下鉄浅草線 西馬込駅,とえいちかてつあさくさせん にしまごめえき,鉄道,
,中央,東京都,,都営地下鉄浅草線 西馬込駅～馬込駅間,とえいちかてつあさくさせん にしまごめえき～まごめえきかん,鉄道,
,中央,東京都,,都営地下鉄浅草線 泉岳寺駅,とえいちかてつあさくさせん せんがくじえき,鉄道,
,中央,東京都,,都営地下鉄浅草線 泉岳寺駅～三田駅間,とえいちかてつあさくさせん せんがくじえき～みたえきかん,鉄道,
,中央,東京都,,都営地下鉄浅草線 浅草駅,とえいちかてつあさくさせん あさくさえき,鉄道,
,中央,東京都,,都営地下鉄浅草線 浅草駅～本所吾妻橋駅間,とえいちかてつあさくさせん あさくさえき～ほんじょあづまばしえきかん,鉄道,
,中央,東京都,,都営地下鉄浅草線 浅草橋駅,とえいちかてつあさくさせん あさくさばしえき,鉄道,
,中央,東京都,,都営地下鉄浅草線 浅草橋駅～蔵前駅間,とえいちかてつあさくさせん あさくさばしえき～くらまええきかん,鉄道,
,中央,東京都,,都営地下鉄浅草線 蔵前駅,とえいちかてつあさくさせん くらまええき,鉄道,
,中央,東京都,,都営地下鉄浅草線 蔵前駅～浅草駅間,とえいちかてつあさくさせん くらまええき～あさくさえきかん,鉄道,
,中央,東京都,,都営地下鉄浅草線 大門駅,とえいちかてつあさくさせん だいもんえき,鉄道,
,中央,東京都,,都営地下鉄浅草線 大門駅～新橋駅間,とえいちかてつあさくさせん だいもんえき～しんばしえきかん,鉄道,
,中央,東京都,,都営地下鉄浅草線 中延駅,とえいちかてつあさくさせん なかのぶえき,鉄道,
,中央,東京都,,都営地下鉄浅草線 中延駅～戸越駅間,とえいちかてつあさくさせん なかのぶえき～とごしえきかん,鉄道,
,中央,東京都,,都営地下鉄浅草線 東銀座駅～宝町駅間,とえいちかてつあさくさせん ひがしぎんざえき～たからまちえきかん,鉄道,
,中央,東京都,,都営地下鉄浅草線 東日本橋駅,とえいちかてつあさくさせん ひがしにほんばしえき,鉄道,
,中央,東京都,,都営地下鉄浅草線 東日本橋駅～浅草橋駅間,とえいちかてつあさくさせん ひがしにほんばしえき～あさくさばしえきかん,鉄道,
,中央,東京都,,都営地下鉄浅草線 日本橋駅,とえいちかてつあさくさせん にほんばしえき,鉄道,
,中央,東京都,,都営地下鉄浅草線 日本橋駅～人形町駅間,とえいちかてつあさくさせん にほんばしえき～にんぎょうちょうえきかん,鉄道,
,中央,東京都,,都営地下鉄浅草線 馬込駅,とえいちかてつあさくさせん まごめえき,鉄道,
,中央,東京都,,都営地下鉄浅草線 馬込駅～中延駅間,とえいちかてつあさくさせん まごめえき～なかのぶえきかん,鉄道,
,中央,東京都,,都営地下鉄浅草線 宝町駅,とえいちかてつあさくさせん たからまちえき,鉄道,
,中央,東京都,,都営地下鉄浅草線 宝町駅～日本橋駅間,とえいちかてつあさくさせん たからまちえき～にほんばしえきかん,鉄道,
,中央,東京都,,都営地下鉄浅草線 本所吾妻橋駅,とえいちかてつあさくさせん ほんじょあづまばしえき,鉄道,
,中央,東京都,,都営地下鉄浅草線 本所吾妻橋駅～押上駅間,とえいちかてつあさくさせん ほんじょあづまばしえき～おしあげえきかん,鉄道,
,中央,東京都,,都営地下鉄大江戸線 牛込神楽坂駅,とえいちかてつおおえどせん うしごめかぐらざかえき,鉄道,
,中央,東京都,,都営地下鉄大江戸線 牛込神楽坂駅～飯田橋駅間,とえいちかてつおおえどせん うしごめかぐらざかえき～いいだばしえきかん,鉄道,
,中央,東京都,,都営地下鉄大江戸線 牛込柳町駅,とえいちかてつおおえどせん うしごめやなぎちょうえき,鉄道,
,中央,東京都,,都営地下鉄大江戸線 牛込柳町駅～牛込神楽坂駅間,とえいちかてつおおえどせん うしごめやなぎちょうえき～うしごめかぐらざかえきかん,鉄道,
,中央,東京都,,都営地下鉄大江戸線 月島駅,とえいちかてつおおえどせん つきしまえき,鉄道,
,中央,東京都,,都営地下鉄大江戸線 月島駅～勝どき駅間,とえいちかてつおおえどせん つきしまえき～かちどきえきかん,鉄道,
,中央,東京都,,都営地下鉄大江戸線 光が丘駅,とえいちかてつおおえどせん ひかりがおかえき,鉄道,
,中央,東京都,,都営地下鉄大江戸線 国立競技場駅,とえいちかてつおおえどせん こくりつきょうぎじょうえき,鉄道,
,中央,東京都,,都営地下鉄大江戸線 国立競技場駅～代々木駅間,とえいちかてつおおえどせん こくりつきょうぎじょうえき～よよぎえきかん,鉄道,
,中央,東京都,,都営地下鉄大江戸線 汐留駅,とえいちかてつおおえどせん しおどめえき,鉄道,
,中央,東京都,,都営地下鉄大江戸線 汐留駅～大門駅間,とえいちかてつおおえどせん しおどめえき～だいもんえきかん,鉄道,
,中央,東京都,,都営地下鉄大江戸線 若松河田駅,とえいちかてつおおえどせん わかまつかわだえき,鉄道,
,中央,東京都,,都営地下鉄大江戸線 若松河田駅～牛込柳町駅間,とえいちかてつおおえどせん わかまつかわだえき～うしごめやなぎちょうえきかん,鉄道,
,中央,東京都,,都営地下鉄大江戸線 春日駅,とえいちかてつおおえどせん かすがえき,鉄道,
,中央,東京都,,都営地下鉄大江戸線 春日駅～本郷三丁目駅間,とえいちかてつおおえどせん かすがえき～ほんごうさんちょうめえきかん,鉄道,
,中央,東京都,,都営地下鉄大江戸線 勝どき駅,とえいちかてつおおえどせん かちどきえき,鉄道,
,中央,東京都,,都営地下鉄大江戸線 勝どき駅～築地市場駅間,とえいちかてつおおえどせん かちどきえき～つきじしじょうえきかん,鉄道,
,中央,東京都,,都営地下鉄大江戸線 上野御徒町駅,とえいちかてつおおえどせん うえのおかちまちえき,鉄道,
,中央,東京都,,都営地下鉄大江戸線 上野御徒町駅～新御徒町駅間,とえいちかてつおおえどせん うえのおかちまちえき～しんおかちまちえきかん,鉄道,
,中央,東京都,,都営地下鉄大江戸線 新御徒町駅,とえいちかてつおおえどせん しんおかちまちえき,鉄道,
,中央,東京都,,都営地下鉄大江戸線 新御徒町駅～蔵前駅間,とえいちかてつおおえどせん しんおかちまちえき～くらまええきかん,鉄道,
,中央,東京都,,都営地下鉄大江戸線 新江古田駅,とえいちかてつおおえどせん しんえごたえき,鉄道,
,中央,東京都,,都営地下鉄大江戸線 新江古田駅～練馬駅間,とえいちかてつおおえどせん しんえごたえき～ねりまえきかん,鉄道,
,中央,東京都,,都営地下鉄大江戸線 新宿駅～都庁前駅間,とえいちかてつおおえどせん しんじゅくえき～とちょうまええきかん,鉄道,
,中央,東京都,,都営地下鉄大江戸線 新宿西口駅,とえいちかてつおおえどせん しんじゅくにしぐちえき,鉄道,
,中央,東京都,,都営地下鉄大江戸線 新宿西口駅～東新宿駅間,とえいちかてつおおえどせん しんじゅくにしぐちえき～ひがししんじゅくえきかん,鉄道,
,中央,東京都,,都営地下鉄大江戸線 森下駅,とえいちかてつおおえどせん もりしたえき,鉄道,
,中央,東京都,,都営地下鉄大江戸線 森下駅～清澄白河駅間,とえいちかてつおおえどせん もりしたえき～きよすみしらかわえきかん,鉄道,
,中央,東京都,,都営地下鉄大江戸線 清澄白河駅,とえいちかてつおおえどせん きよすみしらかわえき,鉄道,
,中央,東京都,,都営地下鉄大江戸線 清澄白河駅～門前仲町駅間,とえいちかてつおおえどせん きよすみしらかわえき～もんぜんなかちょうえきかん,鉄道,
,中央,東京都,,都営地下鉄大江戸線 西新宿五丁目駅,とえいちかてつおおえどせん にししんじゅくごちょうめえき,鉄道,
,中央,東京都,,都営地下鉄大江戸線 西新宿五丁目駅～中野坂上駅間,とえいちかてつおおえどせん にししんじゅくごちょうめえき～なかのさかうええきかん,鉄道,
,中央,東京都,,都営地下鉄大江戸線 青山一丁目駅,とえいちかてつおおえどせん あおやまいっちょうめえき,鉄道,
,中央,東京都,,都営地下鉄大江戸線 青山一丁目駅～国立競技場駅間,とえいちかてつおおえどせん あおやまいっちょうめえき～こくりつきょうぎじょうえきかん,鉄道,
,中央,東京都,,都営地下鉄大江戸線 赤羽橋駅,とえいちかてつおおえどせん あかばねばしえき,鉄道,
,中央,東京都,,都営地下鉄大江戸線 赤羽橋駅～麻布十番駅間,とえいちかてつおおえどせん あかばねばしえき～あざぶじゅうばんえきかん,鉄道,
,中央,東京都,,都営地下鉄大江戸線 蔵前駅,とえいちかてつおおえどせん くらまええき,鉄道,
,中央,東京都,,都営地下鉄大江戸線 蔵前駅～両国駅間,とえいちかてつおおえどせん くらまええき～りょうごくえきかん,鉄道,
,中央,東京都,,都営地下鉄大江戸線 代々木駅,とえいちかてつおおえどせん よよぎえき,鉄道,
,中央,東京都,,都営地下鉄大江戸線 代々木駅～新宿駅間,とえいちかてつおおえどせん よよぎえき～しんじゅくえきかん,鉄道,
,中央,東京都,,都営地下鉄大江戸線 大門駅,とえいちかてつおおえどせん だいもんえき,鉄道,
,中央,東京都,,都営地下鉄大江戸線 大門駅～赤羽橋駅間,とえいちかてつおおえどせん だいもんえき～あかばねばしえきかん,鉄道,
,中央,東京都,,都営地下鉄大江戸線 築地市場駅,とえいちかてつおおえどせん つきじしじょうえき,鉄道,
,中央,東京都,,都営地下鉄大江戸線 築地市場駅～汐留駅間,とえいちかてつおおえどせん つきじしじょうえき～しおどめえきかん,鉄道,
,中央,東京都,,都営地下鉄大江戸線 中井駅,とえいちかてつおおえどせん なかいえき,鉄道,
,中央,東京都,,都営地下鉄大江戸線 中井駅～落合南長崎駅間,とえいちかてつおおえどせん なかいえき～おちあいみなみながさきえきかん,鉄道,
,中央,東京都,,都営地下鉄大江戸線 中野坂上駅,とえいちかてつおおえどせん なかのさかうええき,鉄道,
,中央,東京都,,都営地下鉄大江戸線 中野坂上駅～東中野駅間,とえいちかてつおおえどせん なかのさかうええき～ひがしなかのえきかん,鉄道,
,中央,東京都,,都営地下鉄大江戸線 都庁前駅～新宿西口駅間,とえいちかてつおおえどせん とちょうまええき～しんじゅくにしぐちえきかん,鉄道,
,中央,東京都,,都営地下鉄大江戸線 都庁前駅～西新宿五丁目駅間,とえいちかてつおおえどせん とちょうまええき～にししんじゅくごちょうめえきかん,鉄道,
,中央,東京都,,都営地下鉄大江戸線 東新宿駅,とえいちかてつおおえどせん ひがししんじゅくえき,鉄道,
,中央,東京都,,都営地下鉄大江戸線 東新宿駅～若松河田駅間,とえいちかてつおおえどせん ひがししんじゅくえき～わかまつかわだえきかん,鉄道,
,中央,東京都,,都営地下鉄大江戸線 東中野駅,とえいちかてつおおえどせん ひがしなかのえき,鉄道,
,中央,東京都,,都営地下鉄大江戸線 東中野駅～中井駅間,とえいちかてつおおえどせん ひがしなかのえき～なかいえきかん,鉄道,
,中央,東京都,,都営地下鉄大江戸線 飯田橋駅,とえいちかてつおおえどせん いいだばしえき,鉄道,
,中央,東京都,,都営地下鉄大江戸線 飯田橋駅～春日駅間,とえいちかてつおおえどせん いいだばしえき～かすがえきかん,鉄道,
,中央,東京都,,都営地下鉄大江戸線 豊島園駅,とえいちかてつおおえどせん としまえんえき,鉄道,
,中央,東京都,,都営地下鉄大江戸線 豊島園駅～練馬春日町駅間,とえいちかてつおおえどせん としまえんえき～ねりまかすがちょうえきかん,鉄道,
,中央,東京都,,都営地下鉄大江戸線 本郷三丁目駅,とえいちかてつおおえどせん ほんごうさんちょうめえき,鉄道,
,中央,東京都,,都営地下鉄大江戸線 本郷三丁目駅～上野御徒町駅間,とえいちかてつおおえどせん ほんごうさんちょうめえき～うえのおかちまちえきかん,鉄道,
,中央,東京都,,都営地下鉄大江戸線 麻布十番駅,とえいちかてつおおえどせん あざぶじゅうばんえき,鉄道,
,中央,東京都,,都営地下鉄大江戸線 麻布十番駅～六本木駅間,とえいちかてつおおえどせん あざぶじゅうばんえき～ろっぽんぎえきかん,鉄道,
,中央,東京都,,都営地下鉄大江戸線 門前仲町駅,とえいちかてつおおえどせん もんぜんなかちょうえき,鉄道,
,中央,東京都,,都営地下鉄大江戸線 門前仲町駅～月島駅間,とえいちかてつおおえどせん もんぜんなかちょうえき～つきしまえきかん,鉄道,
,中央,東京都,,都営地下鉄大江戸線 落合南長崎駅,とえいちかてつおおえどせん おちあいみなみながさきえき,鉄道,
,中央,東京都,,都営地下鉄大江戸線 落合南長崎駅～新江古田駅間,とえいちかてつおおえどせん おちあいみなみながさきえき～しんえごたえきかん,鉄道,
,中央,東京都,,都営地下鉄大江戸線 両国駅,とえいちかてつおおえどせん りょうごくえき,鉄道,
,中央,東京都,,都営地下鉄大江戸線 両国駅～森下駅間,とえいちかてつおおえどせん りょうごくえき～もりしたえきかん,鉄道,
,中央,東京都,,都営地下鉄大江戸線 練馬駅,とえいちかてつおおえどせん ねりまえき,鉄道,
,中央,東京都,,都営地下鉄大江戸線 練馬駅～豊島園駅間,とえいちかてつおおえどせん ねりまえき～としまえんえきかん,鉄道,
,中央,東京都,,都営地下鉄大江戸線 練馬春日町駅,とえいちかてつおおえどせん ねりまかすがちょうえき,鉄道,
,中央,東京都,,都営地下鉄大江戸線 練馬春日町駅～光が丘駅間,とえいちかてつおおえどせん ねりまかすがちょうえきかん～ひかりがおかえきかん,鉄道,
,中央,東京都,,都営地下鉄大江戸線 六本木駅～青山一丁目駅間,とえいちかてつおおえどせん ろっぽんぎえき～あおやまいっちょうめえきかん,鉄道,
,中央,東京都,,東急多摩川線 多摩川駅,とうきゅうたまがわせん たまがわえき,鉄道,
,中央,東京都,,東急多摩川線 多摩川駅～沼部駅間,とうきゅうたまがわせん たまがわえき～ぬまべえきかん,鉄道,
,中央,東京都,,東急大井町線 大岡山駅,とうきゅうおおいまちせん おおおかやまえき,鉄道,
,中央,東京都,,東急大井町線 北千束駅～大岡山駅間,とうきゅうおおいまちせん きたせんぞくえき～おおおかやまえきかん,鉄道,
,中央,東京都,,東急池上線 荏原中延駅,とうきゅういけがみせん えばらなかのぶえき,鉄道,
,中央,東京都,,東急池上線 荏原中延駅～旗の台駅間,とうきゅういけがみせん えばらなかのぶえき～はたのだいえきかん,鉄道,
,中央,東京都,,東急池上線 旗の台駅～長原駅間,とうきゅういけがみせん はたのだいえき～ながはらえきかん,鉄道,
,中央,東京都,,東急池上線 戸越銀座駅～荏原中延駅間,とうきゅういけがみせん とごしぎんざえき～えばらなかのぶえきかん,鉄道,
,中央,東京都,,東急池上線 長原駅,とうきゅういけがみせん ながはらえき,鉄道,
,中央,東京都,,東急池上線 長原駅～洗足池駅間,とうきゅういけがみせん ながはらえき～せんぞくいけえきかん,鉄道,
,中央,東京都,,東急田園都市線 駒沢大学駅,とうきゅうでんえんとしせん こまざわだいがくえき,鉄道,
,中央,東京都,,東急田園都市線 駒沢大学駅～桜新町駅間,とうきゅうでんえんとしせん こまざわだいがくえき～さくらしんまちえきかん,鉄道,
,中央,東京都,,東急田園都市線 桜新町駅,とうきゅうでんえんとしせん さくらしんまちえき,鉄道,
,中央,東京都,,東急田園都市線 桜新町駅～用賀駅間,とうきゅうでんえんとしせん さくらしんまちえき～ようがえきかん,鉄道,
,中央,東京都,,東急田園都市線 三軒茶屋駅,とうきゅうでんえんとしせん さんげんぢゃやえき,鉄道,
,中央,東京都,,東急田園都市線 三軒茶屋駅～駒沢大学駅間,とうきゅうでんえんとしせん さんげんぢゃやえき～こまざわだいがくえきかん,鉄道,
,中央,東京都,,東急田園都市線 渋谷駅～池尻大橋駅間,とうきゅうでんえんとしせん しぶやえき～いけじりおおはしえきかん,鉄道,
,中央,東京都,,東急田園都市線 池尻大橋駅,とうきゅうでんえんとしせん いけじりおおはしえき,鉄道,
,中央,東京都,,東急田園都市線 池尻大橋駅～三軒茶屋駅間,とうきゅうでんえんとしせん いけじりおおはしえき～さんげんぢゃやえきかん,鉄道,
,中央,東京都,,東急田園都市線 用賀駅,とうきゅうでんえんとしせん ようがえき,鉄道,
,中央,東京都,,東急田園都市線 用賀駅～二子玉川駅間,とうきゅうでんえんとしせん ようがえき～ふたこたまがわえきかん,鉄道,
,中央,東京都,,東急東横線 自由が丘駅～田園調布駅間,とうきゅうとうよこせん じゆうがおかえき～でんえんちょうふえきかん,鉄道,
,中央,東京都,,東急東横線 渋谷駅～代官山駅間,とうきゅうとうよこせん しぶやえき～だいかんやまえきかん,鉄道,
,中央,東京都,,東急東横線 多摩川駅,とうきゅうとうよこせん たまがわえき,鉄道,
,中央,東京都,,東急東横線 代官山駅～中目黒駅間,とうきゅうとうよこせん だいかんやまえき～なかめぐろえきかん,鉄道,
,中央,東京都,,東急東横線 田園調布駅,とうきゅうとうよこせん でんえんちょうふえき,鉄道,
,中央,東京都,,東急東横線 田園調布駅～多摩川駅間,とうきゅうとうよこせん でんえんちょうふえき～たまがわえきかん,鉄道,
,中央,東京都,,東急目黒線 奥沢駅～田園調布駅間,とうきゅうめぐろせん おくさわえき～でんえんちょうふえきかん,鉄道,
,中央,東京都,,東急目黒線 西小山駅,とうきゅうめぐろせん にしこやまえき,鉄道,
,中央,東京都,,東急目黒線 西小山駅～洗足駅間,とうきゅうめぐろせん にしこやまえき～せんぞくえきかん,鉄道,
,中央,東京都,,東急目黒線 洗足駅,とうきゅうめぐろせん せんぞくえき,鉄道,
,中央,東京都,,東急目黒線 洗足駅～大岡山駅間,とうきゅうめぐろせん せんぞくえき～おおおかやまえきかん,鉄道,
,中央,東京都,,東急目黒線 多摩川駅,とうきゅうめぐろせん たまがわえき,鉄道,
,中央,東京都,,東急目黒線 大岡山駅,とうきゅうめぐろせん おおおかやまえき,鉄道,
,中央,東京都,,東急目黒線 田園調布駅,とうきゅうめぐろせん でんえんちょうふえき,鉄道,
,中央,東京都,,東急目黒線 田園調布駅～多摩川駅間,とうきゅうめぐろせん でんえんちょうふえき～たまがわえきかん,鉄道,
,中央,東京都,,東急目黒線 不動前駅～武蔵小山駅間,とうきゅうめぐろせん ふどうまええき～むさしこやまえきかん,鉄道,
,中央,東京都,,東急目黒線 武蔵小山駅,とうきゅうめぐろせん むさしこやまえき,鉄道,
,中央,東京都,,東急目黒線 武蔵小山駅～西小山駅間,とうきゅうめぐろせん むさしこやまえき～にしこやまえきかん,鉄道,
,中央,東京都,,東急目黒線 目黒駅,とうきゅうめぐろせん めぐろえき,鉄道,
,中央,東京都,,東急目黒線 目黒駅～不動前駅間,とうきゅうめぐろせん めぐろえき～ふどうまええきかん,鉄道,
,中央,東京都,,東京メトロ丸ノ内線 荻窪駅,とうきょうめとろまるのうちせん おぎくぼえき,鉄道,
,中央,東京都,,東京メトロ丸ノ内線 荻窪駅～南阿佐ケ谷駅間,とうきょうめとろまるのうちせん おぎくぼえき～みなみあさがやえきかん,鉄道,
,中央,東京都,,東京メトロ丸ノ内線 霞ケ関駅,とうきょうめとろまるのうちせん かすみがせきえき,鉄道,
,中央,東京都,,東京メトロ丸ノ内線 霞ケ関駅～銀座駅間,とうきょうめとろまるのうちせん かすみがせきえき～ぎんざえきかん,鉄道,
,中央,東京都,,東京メトロ丸ノ内線 銀座駅,とうきょうめとろまるのうちせん ぎんざえき,鉄道,
,中央,東京都,,東京メトロ丸ノ内線 銀座駅～東京駅間,とうきょうめとろまるのうちせん ぎんざえき～とうきょうえきかん,鉄道,
,中央,東京都,,東京メトロ丸ノ内線 後楽園駅,とうきょうめとろまるのうちせん こうらくえんえき,鉄道,
,中央,東京都,,東京メトロ丸ノ内線 後楽園駅～茗荷谷駅間,とうきょうめとろまるのうちせん こうらくえんえき～みょうがだにえきかん,鉄道,
,中央,東京都,,東京メトロ丸ノ内線 御茶ノ水駅,とうきょうめとろまるのうちせん おちゃのみずえき,鉄道,
,中央,東京都,,東京メトロ丸ノ内線 御茶ノ水駅～本郷三丁目駅間,とうきょうめとろまるのうちせん おちゃのみずえき～ほんごうさんちょうめえきかん,鉄道,
,中央,東京都,,東京メトロ丸ノ内線 国会議事堂前駅,とうきょうめとろまるのうちせん こっかいぎじどうまええき,鉄道,
,中央,東京都,,東京メトロ丸ノ内線 国会議事堂前駅～霞ケ関駅間,とうきょうめとろまるのうちせん こっかいぎじどうまええき～かすみがせきえきかん,鉄道,
,中央,東京都,,東京メトロ丸ノ内線 四ツ谷駅,とうきょうめとろまるのうちせん よつやえき,鉄道,
,中央,東京都,,東京メトロ丸ノ内線 四ツ谷駅～赤坂見附駅間,とうきょうめとろまるのうちせん よつやえき～あかさかみつけえきかん,鉄道,
,中央,東京都,,東京メトロ丸ノ内線 四谷三丁目駅,とうきょうめとろまるのうちせん よつやさんちょうめえき,鉄道,
,中央,東京都,,東京メトロ丸ノ内線 四谷三丁目駅～四ツ谷駅間,とうきょうめとろまるのうちせん よつやさんちょうめえき～よつやえきかん,鉄道,
,中央,東京都,,東京メトロ丸ノ内線 新高円寺駅,とうきょうめとろまるのうちせん しんこうえんじえき,鉄道,
,中央,東京都,,東京メトロ丸ノ内線 新高円寺駅～東高円寺駅間,とうきょうめとろまるのうちせん しんこうえんじえき～ひがしこうえんじえきかん,鉄道,
,中央,東京都,,東京メトロ丸ノ内線 新宿駅～新宿三丁目駅間,とうきょうめとろまるのうちせん しんじゅくえき～しんじゅくさんちょうめえきかん,鉄道,
,中央,東京都,,東京メトロ丸ノ内線 新宿御苑前駅,とうきょうめとろまるのうちせん しんじゅくぎょえんまええき,鉄道,
,中央,東京都,,東京メトロ丸ノ内線 新宿御苑前駅～四谷三丁目駅間,とうきょうめとろまるのうちせん しんじゅくぎょえんまええき～よつやさんちょうめえきかん,鉄道,
,中央,東京都,,東京メトロ丸ノ内線 新宿三丁目駅,とうきょうめとろまるのうちせん しんじゅくさんちょうめえき,鉄道,
,中央,東京都,,東京メトロ丸ノ内線 新宿三丁目駅～新宿御苑前駅間,とうきょうめとろまるのうちせん しんじゅくさんちょうめえき～しんじゅくぎょえんまええきかん,鉄道,
,中央,東京都,,東京メトロ丸ノ内線 新大塚駅,とうきょうめとろまるのうちせん しんおおつかえき,鉄道,
,中央,東京都,,東京メトロ丸ノ内線 新大塚駅～池袋駅間,とうきょうめとろまるのうちせん しんおおつかえき～いけぶくろえきかん,鉄道,
,中央,東京都,,東京メトロ丸ノ内線 新中野駅,とうきょうめとろまるのうちせん しんなかのえき,鉄道,
,中央,東京都,,東京メトロ丸ノ内線 新中野駅～中野坂上駅間,とうきょうめとろまるのうちせん しんなかのえき～なかのさかうええきかん,鉄道,
,中央,東京都,,東京メトロ丸ノ内線 西新宿駅～新宿駅間,とうきょうめとろまるのうちせん にししんじゅくえき～しんじゅくえきかん,鉄道,
,中央,東京都,,東京メトロ丸ノ内線 赤坂見附駅～国会議事堂前駅間,とうきょうめとろまるのうちせん あかさかみつけえき～こっかいぎじどうまええきかん,鉄道,
,中央,東京都,,東京メトロ丸ノ内線 大手町駅～淡路町駅間,とうきょうめとろまるのうちせん おおてまちえき～あわじちょうえきかん,鉄道,
,中央,東京都,,東京メトロ丸ノ内線 淡路町駅,とうきょうめとろまるのうちせん あわじちょうえき,鉄道,
,中央,東京都,,東京メトロ丸ノ内線 淡路町駅～御茶ノ水駅間,とうきょうめとろまるのうちせん あわじちょうえき～おちゃのみずえきかん,鉄道,
,中央,東京都,,東京メトロ丸ノ内線 池袋駅,とうきょうめとろまるのうちせん いけぶくろえき,鉄道,
,中央,東京都,,東京メトロ丸ノ内線 中野坂上駅,とうきょうめとろまるのうちせん なかのさかうええき,鉄道,
,中央,東京都,,東京メトロ丸ノ内線 中野坂上駅～西新宿駅間,とうきょうめとろまるのうちせん なかのさかうええき～にししんじゅくえきかん,鉄道,
,中央,東京都,,東京メトロ丸ノ内線 中野新橋駅,とうきょうめとろまるのうちせん なかのしんばしえき,鉄道,
,中央,東京都,,東京メトロ丸ノ内線 中野新橋駅～中野坂上駅間,とうきょうめとろまるのうちせん なかのしんばしえき～なかのさかうええきかん,鉄道,
,中央,東京都,,東京メトロ丸ノ内線 中野富士見町駅,とうきょうめとろまるのうちせん なかのふじみちょうえき,鉄道,
,中央,東京都,,東京メトロ丸ノ内線 中野富士見町駅～中野新橋駅間,とうきょうめとろまるのうちせん なかのふじみちょうえき～なかのしんばしえきかん,鉄道,
,中央,東京都,,東京メトロ丸ノ内線 東京駅,とうきょうめとろまるのうちせん とうきょうえき,鉄道,
,中央,東京都,,東京メトロ丸ノ内線 東京駅～大手町駅間,とうきょうめとろまるのうちせん とうきょうえき～おおてまちえきかん,鉄道,
,中央,東京都,,東京メトロ丸ノ内線 東高円寺駅,とうきょうめとろまるのうちせん ひがしこうえんじえき,鉄道,
,中央,東京都,,東京メトロ丸ノ内線 東高円寺駅～新中野駅間,とうきょうめとろまるのうちせん ひがしこうえんじえき～しんなかのえきかん,鉄道,
,中央,東京都,,東京メトロ丸ノ内線 南阿佐ケ谷駅,とうきょうめとろまるのうちせん みなみあさがやえき,鉄道,
,中央,東京都,,東京メトロ丸ノ内線 南阿佐ケ谷駅～新高円寺駅間,とうきょうめとろまるのうちせん みなみあさがやえき～しんこうえんじえきかん,鉄道,
,中央,東京都,,東京メトロ丸ノ内線 方南町駅,とうきょうめとろまるのうちせん ほうなんちょうえき,鉄道,
,中央,東京都,,東京メトロ丸ノ内線 方南町駅～中野富士見町駅間,とうきょうめとろまるのうちせん ほうなんちょうえき～なかのふじみちょうえきかん,鉄道,
,中央,東京都,,東京メトロ丸ノ内線 本郷三丁目駅,とうきょうめとろまるのうちせん ほんごうさんちょうめえき,鉄道,
,中央,東京都,,東京メトロ丸ノ内線 本郷三丁目駅～後楽園駅間,とうきょうめとろまるのうちせん ほんごうさんちょうめえき～こうらくえんえきかん,鉄道,
,中央,東京都,,東京メトロ丸ノ内線 茗荷谷駅～新大塚駅間,とうきょうめとろまるのうちせん みょうがだにえき～しんおおつかえきかん,鉄道,
,中央,東京都,,東京メトロ銀座線 稲荷町駅,とうきょうめとろぎんざせん いなりちょうえき,鉄道,
,中央,東京都,,東京メトロ銀座線 稲荷町駅～田原町駅間,とうきょうめとろぎんざせん いなりまちえき～たわらまちえきかん,鉄道,
,中央,東京都,,東京メトロ銀座線 外苑前駅,とうきょうめとろぎんざせん がいえんまええき,鉄道,
,中央,東京都,,東京メトロ銀座線 外苑前駅～青山一丁目駅間,とうきょうめとろぎんざせん がいえんまええき～あおやまいっちょうめえきかん,鉄道,
,中央,東京都,,東京メトロ銀座線 京橋駅,とうきょうめとろぎんざせん きょうばしえき,鉄道,
,中央,東京都,,東京メトロ銀座線 京橋駅～日本橋駅間,とうきょうめとろぎんざせん きょうばしえき～にほんばしえきかん,鉄道,
,中央,東京都,,東京メトロ銀座線 銀座駅,とうきょうめとろぎんざせん ぎんざえき,鉄道,
,中央,東京都,,東京メトロ銀座線 銀座駅～京橋駅間,とうきょうめとろぎんざせん ぎんざえき～きょうばしえきかん,鉄道,
,中央,東京都,,東京メトロ銀座線 虎ノ門駅,とうきょうめとろぎんざせん とらのもんえき,鉄道,
,中央,東京都,,東京メトロ銀座線 虎ノ門駅～新橋駅間,とうきょうめとろぎんざせん とらのもんえき～しんばしえきかん,鉄道,
,中央,東京都,,東京メトロ銀座線 三越前駅,とうきょうめとろぎんざせん みつこしまええき,鉄道,
,中央,東京都,,東京メトロ銀座線 三越前駅～神田駅間,とうきょうめとろぎんざせん みつこしまええき～かんだえきかん,鉄道,
,中央,東京都,,東京メトロ銀座線 渋谷駅～表参道駅間,とうきょうめとろぎんざせん しぶやえき～おもてさんどうえきかん,鉄道,
,中央,東京都,,東京メトロ銀座線 上野駅～稲荷町駅間,とうきょうめとろぎんざせん うえのえき～いなりまちえきかん,鉄道,
,中央,東京都,,東京メトロ銀座線 上野広小路駅,とうきょうめとろぎんざせん うえのひろこうじえき,鉄道,
,中央,東京都,,東京メトロ銀座線 上野広小路駅～上野駅間,とうきょうめとろぎんざせん うえのひろこうじえき～うえのえきかん,鉄道,
,中央,東京都,,東京メトロ銀座線 新橋駅～銀座駅間,とうきょうめとろぎんざせん しんばしえき～ぎんざえきかん,鉄道,
,中央,東京都,,東京メトロ銀座線 神田駅,とうきょうめとろぎんざせん かんだえき,鉄道,
,中央,東京都,,東京メトロ銀座線 神田駅～末広町駅間,とうきょうめとろぎんざせん かんだえき～すえひろちょうえきかん,鉄道,
,中央,東京都,,東京メトロ銀座線 青山一丁目駅,とうきょうめとろぎんざせん あおやまいっちょうめえき,鉄道,
,中央,東京都,,東京メトロ銀座線 青山一丁目駅～赤坂見附駅間,とうきょうめとろぎんざせん あおやまいっちょうめえき～あかさかみつけえきかん,鉄道,
,中央,東京都,,東京メトロ銀座線 赤坂見附駅,とうきょうめとろぎんざせん あかさかみつけえき,鉄道,
,中央,東京都,,東京メトロ銀座線 赤坂見附駅～溜池山王駅間,とうきょうめとろぎんざせん あかさかみつけえき～ためいけさんのうえきかん,鉄道,
,中央,東京都,,東京メトロ銀座線 浅草駅,とうきょうめとろぎんざせん あさくさえき,鉄道,
,中央,東京都,,東京メトロ銀座線 田原町駅,とうきょうめとろぎんざせん たわらまちえき,鉄道,
,中央,東京都,,東京メトロ銀座線 田原町駅～浅草駅間,とうきょうめとろぎんざせん たわらまちえき～あさくさえきかん,鉄道,
,中央,東京都,,東京メトロ銀座線 日本橋駅,とうきょうめとろぎんざせん にほんばしえき,鉄道,
,中央,東京都,,東京メトロ銀座線 日本橋駅～三越前駅間,とうきょうめとろぎんざせん にほんばしえき～みつこしまええきかん,鉄道,
,中央,東京都,,東京メトロ銀座線 表参道駅,とうきょうめとろぎんざせん おもてさんどうえき,鉄道,
,中央,東京都,,東京メトロ銀座線 表参道駅～外苑前駅間,とうきょうめとろぎんざせん おもてさんどうえき～がいえんまええきかん,鉄道,
,中央,東京都,,東京メトロ銀座線 末広町駅,とうきょうめとろぎんざせん すえひろちょうえき,鉄道,
,中央,東京都,,東京メトロ銀座線 末広町駅～上野広小路駅間,とうきょうめとろぎんざせん すえひろちょうえき～うえのひろこうじえきかん,鉄道,
,中央,東京都,,東京メトロ銀座線 溜池山王駅,とうきょうめとろぎんざせん ためいけさんのうえき,鉄道,
,中央,東京都,,東京メトロ銀座線 溜池山王駅～虎ノ門駅間,とうきょうめとろぎんざせん ためいけさんのうえき～とらのもんえきかん,鉄道,
,中央,東京都,,東京メトロ千代田線 霞ケ関駅,とうきょうめとろちよだせん かすみがせきえき,鉄道,
,中央,東京都,,東京メトロ千代田線 霞ケ関駅～日比谷駅間,とうきょうめとろちよだせん かすみがせきえき～ひびやえきかん,鉄道,
,中央,東京都,,東京メトロ千代田線 国会議事堂前駅,とうきょうめとろちよだせん こっかいぎじどうまええき,鉄道,
,中央,東京都,,東京メトロ千代田線 国会議事堂前駅～霞ケ関駅間,とうきょうめとろちよだせん こっかいぎじどうまええき～かすみがせきえきかん,鉄道,
,中央,東京都,,東京メトロ千代田線 根津駅,とうきょうめとろちよだせん ねづえき,鉄道,
,中央,東京都,,東京メトロ千代田線 根津駅～千駄木駅間,とうきょうめとろちよだせん ねづえき～せんだぎえきかん,鉄道,
,中央,東京都,,東京メトロ千代田線 新御茶ノ水駅,とうきょうめとろちよだせん しんおちゃのみずえき,鉄道,
,中央,東京都,,東京メトロ千代田線 新御茶ノ水駅～湯島駅間,とうきょうめとろちよだせん しんおちゃのみずえき～ゆしまえきかん,鉄道,
,中央,東京都,,東京メトロ千代田線 西日暮里駅,とうきょうめとろちよだせん にしにっぽりえき,鉄道,
,中央,東京都,,東京メトロ千代田線 西日暮里駅～町屋駅間,とうきょうめとろちよだせん にしにっぽりえき～まちやえきかん,鉄道,
,中央,東京都,,東京メトロ千代田線 赤坂駅,とうきょうめとろちよだせん あかさかえき,鉄道,
,中央,東京都,,東京メトロ千代田線 赤坂駅～国会議事堂前駅間,とうきょうめとろちよだせん あかさかえき～こっかいぎじどうまええきかん,鉄道,
,中央,東京都,,東京メトロ千代田線 千駄木駅,とうきょうめとろちよだせん せんだぎえき,鉄道,
,中央,東京都,,東京メトロ千代田線 千駄木駅～西日暮里駅間,とうきょうめとろちよだせん せんだぎえき～にしにっぽりえきかん,鉄道,
,中央,東京都,,東京メトロ千代田線 代々木公園駅,とうきょうめとろちよだせん よよぎこうえんえき,鉄道,
,中央,東京都,,東京メトロ千代田線 代々木公園駅～明治神宮前駅間,とうきょうめとろちよだせん よよぎこうえんえき～めいじじんぐうまええきかん,鉄道,
,中央,東京都,,東京メトロ千代田線 代々木上原駅～代々木公園駅間,とうきょうめとろちよだせん よよぎうえはらえき～よよぎこうえんえきかん,鉄道,
,中央,東京都,,東京メトロ千代田線 大手町駅,とうきょうめとろちよだせん おおてまちえき,鉄道,
,中央,東京都,,東京メトロ千代田線 大手町駅～新御茶ノ水駅間,とうきょうめとろちよだせん おおてまちえき～しんおちゃのみずえきかん,鉄道,
,中央,東京都,,東京メトロ千代田線 町屋駅,とうきょうめとろちよだせん まちやえき,鉄道,
,中央,東京都,,東京メトロ千代田線 町屋駅～北千住駅間,とうきょうめとろちよだせん まちやえき～きたせんじゅえきかん,鉄道,
,中央,東京都,,東京メトロ千代田線 湯島駅,とうきょうめとろちよだせん ゆしまえき,鉄道,
,中央,東京都,,東京メトロ千代田線 湯島駅～根津駅間,とうきょうめとろちよだせん ゆしまえき～ねづえきかん,鉄道,
,中央,東京都,,東京メトロ千代田線 二重橋前駅,とうきょうめとろちよだせん ふたえばしまええき,鉄道,
,中央,東京都,,東京メトロ千代田線 二重橋前駅～大手町駅間,とうきょうめとろちよだせん ふたえばしまええき～おおてまちえきかん,鉄道,
,中央,東京都,,東京メトロ千代田線 日比谷駅,とうきょうめとろちよだせん ひびやえき,鉄道,
,中央,東京都,,東京メトロ千代田線 日比谷駅～二重橋前駅間,とうきょうめとろちよだせん ひびやえき～にじゅうばしまええきかん,鉄道,
,中央,東京都,,東京メトロ千代田線 乃木坂駅,とうきょうめとろちよだせん のぎさかえき,鉄道,
,中央,東京都,,東京メトロ千代田線 乃木坂駅～赤坂駅間,とうきょうめとろちよだせん のぎざかえき～あかさかえきかん,鉄道,
,中央,東京都,,東京メトロ千代田線 表参道駅,とうきょうめとろちよだせん おもてさんどうえき,鉄道,
,中央,東京都,,東京メトロ千代田線 表参道駅～乃木坂駅間,とうきょうめとろちよだせん おもてさんどうえき～のぎざかえきかん,鉄道,
,中央,東京都,,東京メトロ千代田線 北千住駅,とうきょうめとろちよだせん きたせんじゅえき,鉄道,
,中央,東京都,,東京メトロ千代田線 北千住駅～綾瀬駅間,とうきょうめとろちよだせん きたせんじゅえき～あやせえきかん,鉄道,
,中央,東京都,,東京メトロ千代田線 明治神宮前駅,とうきょうめとろちよだせん めいじじんぐまええき,鉄道,
,中央,東京都,,東京メトロ千代田線 明治神宮前駅～表参道駅間,とうきょうめとろちよだせん めいじじんぐうまええき～おもてさんどうえきかん,鉄道,
,中央,東京都,,東京メトロ東西線 茅場町駅,とうきょうめとろとうざいせん かやばちょうえき,鉄道,
,中央,東京都,,東京メトロ東西線 茅場町駅～門前仲町駅間,とうきょうめとろとうざいせん かやばちょうえき～もんぜんなかちょうえきかん,鉄道,
,中央,東京都,,東京メトロ東西線 九段下駅,とうきょうめとろとうざいせん くだんしたえき,鉄道,
,中央,東京都,,東京メトロ東西線 九段下駅～竹橋駅間,とうきょうめとろとうざいせん くだんしたえき～たけばしえきかん,鉄道,
,中央,東京都,,東京メトロ東西線 高田馬場駅,とうきょうめとろとうざいせん たかだのばばえき,鉄道,
,中央,東京都,,東京メトロ東西線 高田馬場駅～早稲田駅間,とうきょうめとろとうざいせん たかだのばばえき～わせだえきかん,鉄道,
,中央,東京都,,東京メトロ東西線 神楽坂駅,とうきょうめとろとうざいせん かぐらざかえき,鉄道,
,中央,東京都,,東京メトロ東西線 神楽坂駅～飯田橋駅間,とうきょうめとろとうざいせん かぐらざかえき～いいだばしえきかん,鉄道,
,中央,東京都,,東京メトロ東西線 早稲田駅,とうきょうめとろとうざいせん わせだえき,鉄道,
,中央,東京都,,東京メトロ東西線 早稲田駅～神楽坂駅間,とうきょうめとろとうざいせん わせだえき～かぐらざかえきかん,鉄道,
,中央,東京都,,東京メトロ東西線 大手町駅,とうきょうめとろとうざいせん おおてまちえき,鉄道,
,中央,東京都,,東京メトロ東西線 大手町駅～日本橋駅間,とうきょうめとろとうざいせん おおてまちえき～にほんばしえきかん,鉄道,
,中央,東京都,,東京メトロ東西線 竹橋駅,とうきょうめとろとうざいせん たけばしえき,鉄道,
,中央,東京都,,東京メトロ東西線 竹橋駅～大手町駅間,とうきょうめとろとうざいせん たけばしえき～おおてまちえきかん,鉄道,
,中央,東京都,,東京メトロ東西線 中野駅～落合駅間,とうきょうめとろとうざいせん なかのえき～おちあいえきかん,鉄道,
,中央,東京都,,東京メトロ東西線 東陽町駅,とうきょうめとろとうざいせん とうようちょうえき,鉄道,
,中央,東京都,,東京メトロ東西線 東陽町駅～南砂町駅間,とうきょうめとろとうざいせん とうようちょうえき～みなみすなまちえきかん,鉄道,
,中央,東京都,,東京メトロ東西線 南砂町駅,とうきょうめとろとうざいせん みなみすなまちえき,鉄道,
,中央,東京都,,東京メトロ東西線 南砂町駅～西葛西駅間,とうきょうめとろとうざいせん みなみすなまちえき～にしかさいえきかん,鉄道,
,中央,東京都,,東京メトロ東西線 日本橋駅,とうきょうめとろとうざいせん にほんばしえき,鉄道,
,中央,東京都,,東京メトロ東西線 日本橋駅～茅場町駅間,とうきょうめとろとうざいせん にほんばしえき～かやばちょうえきかん,鉄道,
,中央,東京都,,東京メトロ東西線 飯田橋駅,とうきょうめとろとうざいせん いいだばしえき,鉄道,
,中央,東京都,,東京メトロ東西線 飯田橋駅～九段下駅間,とうきょうめとろとうざいせん いいだばしえき～くだんしたえきかん,鉄道,
,中央,東京都,,東京メトロ東西線 木場駅,とうきょうめとろとうざいせん きばえき,鉄道,
,中央,東京都,,東京メトロ東西線 木場駅～東陽町駅間,とうきょうめとろとうざいせん きばえき～とうようちょうえきかん,鉄道,
,中央,東京都,,東京メトロ東西線 門前仲町駅,とうきょうめとろとうざいせん もんぜんなかちょうえき,鉄道,
,中央,東京都,,東京メトロ東西線 門前仲町駅～木場駅間,とうきょうめとろとうざいせん もんぜんなかちょうえき～きばえきかん,鉄道,
,中央,東京都,,東京メトロ東西線 落合駅,とうきょうめとろとうざいせん おちあいえき,鉄道,
,中央,東京都,,東京メトロ東西線 落合駅～高田馬場駅間,とうきょうめとろとうざいせん おちあいえき～たかだのばばえきかん,鉄道,
,中央,東京都,,東京メトロ南北線 永田町駅,とうきょうめとろなんぼくせんとうきょうめとろなんぼくせん ながたちょうえき,鉄道,
,中央,東京都,,東京メトロ南北線 永田町駅～四ツ谷駅間,とうきょうめとろなんぼくせんとうきょうめとろなんぼくせん ながたちょうえき～よつやえきかん,鉄道,
,中央,東京都,,東京メトロ南北線 王子駅,とうきょうめとろなんぼくせんとうきょうめとろなんぼくせん おうじえき,鉄道,
,中央,東京都,,東京メトロ南北線 王子駅～王子神谷駅間,とうきょうめとろなんぼくせんとうきょうめとろなんぼくせん おうじえき～おうじかみやえきかん,鉄道,
,中央,東京都,,東京メトロ南北線 王子神谷駅,とうきょうめとろなんぼくせんとうきょうめとろなんぼくせん おうじかみやえき,鉄道,
,中央,東京都,,東京メトロ南北線 王子神谷駅～志茂駅間,とうきょうめとろなんぼくせんとうきょうめとろなんぼくせん おうじかみやえき～しもえきかん,鉄道,
,中央,東京都,,東京メトロ南北線 駒込駅,とうきょうめとろなんぼくせんとうきょうめとろなんぼくせん こまごめえき,鉄道,
,中央,東京都,,東京メトロ南北線 駒込駅～西ケ原駅間,とうきょうめとろなんぼくせんとうきょうめとろなんぼくせん こまごめえき～にしがはらえきかん,鉄道,
,中央,東京都,,東京メトロ南北線 後楽園駅,とうきょうめとろなんぼくせんとうきょうめとろなんぼくせん こうらくえんえき,鉄道,
,中央,東京都,,東京メトロ南北線 後楽園駅～東大前駅間,とうきょうめとろなんぼくせんとうきょうめとろなんぼくせん こうらくえんえき～とうだいまええきかん,鉄道,
,中央,東京都,,東京メトロ南北線 四ツ谷駅,とうきょうめとろなんぼくせんとうきょうめとろなんぼくせん よつやえき,鉄道,
,中央,東京都,,東京メトロ南北線 四ツ谷駅～市ケ谷駅間,とうきょうめとろなんぼくせんとうきょうめとろなんぼくせん よつやえき～いちがやえきかん,鉄道,
,中央,東京都,,東京メトロ南北線 市ケ谷駅,とうきょうめとろなんぼくせんとうきょうめとろなんぼくせん いちがやえき,鉄道,
,中央,東京都,,東京メトロ南北線 市ケ谷駅～飯田橋駅間,とうきょうめとろなんぼくせんとうきょうめとろなんぼくせん いちがやえき～いいだばしえきかん,鉄道,
,中央,東京都,,東京メトロ南北線 志茂駅,とうきょうめとろなんぼくせんとうきょうめとろなんぼくせん しもえき,鉄道,
,中央,東京都,,東京メトロ南北線 志茂駅～赤羽岩淵駅間,とうきょうめとろなんぼくせんとうきょうめとろなんぼくせん しもえき～あかばねいわぶちえきかん,鉄道,
,中央,東京都,,東京メトロ南北線 西ケ原駅,とうきょうめとろなんぼくせんとうきょうめとろなんぼくせん にしがはらえき,鉄道,
,中央,東京都,,東京メトロ南北線 西ケ原駅～王子駅間,とうきょうめとろなんぼくせんとうきょうめとろなんぼくせん にしがはらえき～おうじえきかん,鉄道,
,中央,東京都,,東京メトロ南北線 赤羽岩淵駅,とうきょうめとろなんぼくせんとうきょうめとろなんぼくせん あかばねいわぶちえき,鉄道,
,中央,東京都,,東京メトロ南北線 東大前駅,とうきょうめとろなんぼくせんとうきょうめとろなんぼくせん とうだいまええき,鉄道,
,中央,東京都,,東京メトロ南北線 東大前駅～本駒込駅間,とうきょうめとろなんぼくせんとうきょうめとろなんぼくせん とうだいまええき～ほんこまごめえきかん,鉄道,
,中央,東京都,,東京メトロ南北線 白金高輪駅,とうきょうめとろなんぼくせんとうきょうめとろなんぼくせん しろかねたかなわえき,鉄道,
,中央,東京都,,東京メトロ南北線 白金高輪駅～麻布十番駅間,とうきょうめとろなんぼくせんとうきょうめとろなんぼくせん しろかねたかなわえき～あざぶじゅうばんえきかん,鉄道,
,中央,東京都,,東京メトロ南北線 白金台駅,とうきょうめとろなんぼくせんとうきょうめとろなんぼくせん しろかねだいえき,鉄道,
,中央,東京都,,東京メトロ南北線 白金台駅～白金高輪駅間,とうきょうめとろなんぼくせんとうきょうめとろなんぼくせん しろかねだいえき～しろかねたかなわえきかん,鉄道,
,中央,東京都,,東京メトロ南北線 飯田橋駅,とうきょうめとろなんぼくせんとうきょうめとろなんぼくせん いいだばしえき,鉄道,
,中央,東京都,,東京メトロ南北線 飯田橋駅～後楽園駅間,とうきょうめとろなんぼくせんとうきょうめとろなんぼくせん いいだばしえき～こうらくえんえきかん,鉄道,
,中央,東京都,,東京メトロ南北線 本駒込駅,とうきょうめとろなんぼくせんとうきょうめとろなんぼくせん ほんこまごめえき,鉄道,
,中央,東京都,,東京メトロ南北線 本駒込駅～駒込駅間,とうきょうめとろなんぼくせんとうきょうめとろなんぼくせん ほんこまごめえき～こまごめえきかん,鉄道,
,中央,東京都,,東京メトロ南北線 麻布十番駅,とうきょうめとろなんぼくせんとうきょうめとろなんぼくせん あざぶじゅうばんえき,鉄道,
,中央,東京都,,東京メトロ南北線 麻布十番駅～六本木一丁目駅間,とうきょうめとろなんぼくせんとうきょうめとろなんぼくせん あざぶじゅうばんえき～ろっぽんぎいっちょうめえきかん,鉄道,
,中央,東京都,,東京メトロ南北線 目黒駅,とうきょうめとろなんぼくせんとうきょうめとろなんぼくせん めぐろえき,鉄道,
,中央,東京都,,東京メトロ南北線 目黒駅～白金台駅間,とうきょうめとろなんぼくせんとうきょうめとろなんぼくせん めぐろえき～しろかねだいえきかん,鉄道,
,中央,東京都,,東京メトロ南北線 溜池山王駅,とうきょうめとろなんぼくせんとうきょうめとろなんぼくせん ためいけさんのうえき,鉄道,
,中央,東京都,,東京メトロ南北線 溜池山王駅～永田町駅間,とうきょうめとろなんぼくせんとうきょうめとろなんぼくせん ためいけさんのうえき～ながたちょうえきかん,鉄道,
,中央,東京都,,東京メトロ南北線 六本木一丁目駅,とうきょうめとろなんぼくせんとうきょうめとろなんぼくせん ろっぽんぎいっちょうめえき,鉄道,
,中央,東京都,,東京メトロ南北線 六本木一丁目駅～溜池山王駅間,とうきょうめとろなんぼくせんとうきょうめとろなんぼくせん ろっぽんぎいっちょうめえき～ためいけさんのうえきかん,鉄道,
,中央,東京都,,東京メトロ日比谷線 霞ケ関駅,とうきょうめとろひびやせん かすみがせきえき,鉄道,
,中央,東京都,,東京メトロ日比谷線 霞ケ関駅～日比谷駅間,とうきょうめとろひびやせん かすみけせきえき～ひびやえきかん,鉄道,
,中央,東京都,,東京メトロ日比谷線 茅場町駅,とうきょうめとろひびやせん かやばちょうえき,鉄道,
,中央,東京都,,東京メトロ日比谷線 茅場町駅～人形町駅間,とうきょうめとろひびやせん かやばちょうえき～にんぎょうちょうえきかん,鉄道,
,中央,東京都,,東京メトロ日比谷線 銀座駅,とうきょうめとろひびやせん ぎんざえき,鉄道,
,中央,東京都,,東京メトロ日比谷線 銀座駅～東銀座駅間,とうきょうめとろひびやせん ぎんざえき～ひがしぎんざえきかん,鉄道,
,中央,東京都,,東京メトロ日比谷線 恵比寿駅,とうきょうめとろひびやせん えびすえき,鉄道,
,中央,東京都,,東京メトロ日比谷線 恵比寿駅～広尾駅間,とうきょうめとろひびやせん えびすえき～ひろおえきかん,鉄道,
,中央,東京都,,東京メトロ日比谷線 虎ノ門ヒルズ駅,とうきょうめとろひびやせん とらのもんひるずえき,鉄道,
,中央,東京都,,東京メトロ日比谷線 広尾駅,とうきょうめとろひびやせん ひろおえき,鉄道,
,中央,東京都,,東京メトロ日比谷線 広尾駅～六本木駅間,とうきょうめとろひびやせん ひろおえき～ろっぽんぎえきかん,鉄道,
,中央,東京都,,東京メトロ日比谷線 三ノ輪駅,とうきょうめとろひびやせん みのわえき,鉄道,
,中央,東京都,,東京メトロ日比谷線 三ノ輪駅～南千住駅間,とうきょうめとろひびやせん みのわえき～みなみせんじゅえきかん,鉄道,
,中央,東京都,,東京メトロ日比谷線 秋葉原駅,とうきょうめとろひびやせん あきはばらえき,鉄道,
,中央,東京都,,東京メトロ日比谷線 秋葉原駅～仲御徒町駅間,とうきょうめとろひびやせん あきはばらえき～なかおかちまちえきかん,鉄道,
,中央,東京都,,東京メトロ日比谷線 小伝馬町駅,とうきょうめとろひびやせん こでんまちょうえき,鉄道,
,中央,東京都,,東京メトロ日比谷線 小伝馬町駅～秋葉原駅間,とうきょうめとろひびやせん こでんまちょうえき～あきはばらえきかん,鉄道,
,中央,東京都,,東京メトロ日比谷線 上野駅,とうきょうめとろひびやせん うえのえき,鉄道,
,中央,東京都,,東京メトロ日比谷線 上野駅～入谷駅間,とうきょうめとろひびやせん うえのえき～いりやえきかん,鉄道,
,中央,東京都,,東京メトロ日比谷線 神谷町駅,とうきょうめとろひびやせん かみやちょうえき,鉄道,
,中央,東京都,,東京メトロ日比谷線 神谷町駅～霞ケ関駅間,とうきょうめとろひびやせん かみやちょうえき～かすみがせきえきかん,鉄道,
,中央,東京都,,東京メトロ日比谷線 人形町駅,とうきょうめとろひびやせん にんぎょうちょうえき,鉄道,
,中央,東京都,,東京メトロ日比谷線 人形町駅～小伝馬町駅間,とうきょうめとろひびやせん にんぎょうちょうえき～こでんまちょうえきかん,鉄道,
,中央,東京都,,東京メトロ日比谷線 築地駅,とうきょうめとろひびやせん つきじえき,鉄道,
,中央,東京都,,東京メトロ日比谷線 築地駅～八丁堀駅間,とうきょうめとろひびやせん つきじえき～はっちょうぼりえきかん,鉄道,
,中央,東京都,,東京メトロ日比谷線 中目黒駅～恵比寿駅間,とうきょうめとろひびやせん なかめぐろえき～えびすえきかん,鉄道,
,中央,東京都,,東京メトロ日比谷線 仲御徒町駅,とうきょうめとろひびやせん なかおかちまちえき,鉄道,
,中央,東京都,,東京メトロ日比谷線 仲御徒町駅～上野駅間,とうきょうめとろひびやせん なかおかちまちえき～うえのえきかん,鉄道,
,中央,東京都,,東京メトロ日比谷線 東銀座駅,とうきょうめとろひびやせん ひがしぎんざえき,鉄道,
,中央,東京都,,東京メトロ日比谷線 東銀座駅～築地駅間,とうきょうめとろひびやせん ひがしぎんざえき～つきじえきかん,鉄道,
,中央,東京都,,東京メトロ日比谷線 日比谷駅,とうきょうめとろひびやせん ひびやえき,鉄道,
,中央,東京都,,東京メトロ日比谷線 日比谷駅～銀座駅間,とうきょうめとろひびやせん ひびやえき～ぎんざえきかん,鉄道,
,中央,東京都,,東京メトロ日比谷線 入谷駅,とうきょうめとろひびやせん いりやえき,鉄道,
,中央,東京都,,東京メトロ日比谷線 入谷駅～三ノ輪駅間,とうきょうめとろひびやせん いりやえき～みのわえきかん,鉄道,
,中央,東京都,,東京メトロ日比谷線 八丁堀駅,とうきょうめとろひびやせん はっちょうぼりえき,鉄道,
,中央,東京都,,東京メトロ日比谷線 八丁堀駅～茅場町駅間,とうきょうめとろひびやせん はっちょうぼりえき～かやばちょうえきかん,鉄道,
,中央,東京都,,東京メトロ日比谷線 六本木駅,とうきょうめとろひびやせん ろっぽんぎえき,鉄道,
,中央,東京都,,東京メトロ日比谷線 六本木駅～神谷町駅間,とうきょうめとろひびやせん ろっぽんぎえき～かみやちょうえきかん,鉄道,
,中央,東京都,,東京メトロ半蔵門線 永田町駅,とうきょうめとろはんぞうもんせん ながたちょうえき,鉄道,
,中央,東京都,,東京メトロ半蔵門線 永田町駅～半蔵門駅間,とうきょうめとろはんぞうもんせん ながたちょうえき～はんぞうもんえきかん,鉄道,
,中央,東京都,,東京メトロ半蔵門線 押上駅,とうきょうめとろはんぞうもんせん おしあげえき,鉄道,
,中央,東京都,,東京メトロ半蔵門線 錦糸町駅,とうきょうめとろはんぞうもんせん きんしちょうえき,鉄道,
,中央,東京都,,東京メトロ半蔵門線 錦糸町駅～押上駅間,とうきょうめとろはんぞうもんせん きんしちょうえき～おしあげえきかん,鉄道,
,中央,東京都,,東京メトロ半蔵門線 九段下駅,とうきょうめとろはんぞうもんせん くだんしたえき,鉄道,
,中央,東京都,,東京メトロ半蔵門線 九段下駅～神保町駅間,とうきょうめとろはんぞうもんせん くだんしたえき～じんぼうちょうえきかん,鉄道,
,中央,東京都,,東京メトロ半蔵門線 三越前駅,とうきょうめとろはんぞうもんせん みつこしまええき,鉄道,
,中央,東京都,,東京メトロ半蔵門線 三越前駅～水天宮前駅間,とうきょうめとろはんぞうもんせん みつこしまええき～すいてんぐうまええきかん,鉄道,
,中央,東京都,,東京メトロ半蔵門線 住吉駅,とうきょうめとろはんぞうもんせん すみよしえき,鉄道,
,中央,東京都,,東京メトロ半蔵門線 住吉駅～錦糸町駅間,とうきょうめとろはんぞうもんせん すみよしえき～きんしちょうえきかん,鉄道,
,中央,東京都,,東京メトロ半蔵門線 渋谷駅,とうきょうめとろはんぞうもんせん しぶやえき,鉄道,
,中央,東京都,,東京メトロ半蔵門線 渋谷駅～表参道駅間,とうきょうめとろはんぞうもんせん しぶやえき～おもてさんどうえきかん,鉄道,
,中央,東京都,,東京メトロ半蔵門線 神保町駅,とうきょうめとろはんぞうもんせん じんぼうちょうえき,鉄道,
,中央,東京都,,東京メトロ半蔵門線 神保町駅～大手町駅間,とうきょうめとろはんぞうもんせん じんぼうちょうえき～おおてまちえきかん,鉄道,
,中央,東京都,,東京メトロ半蔵門線 水天宮前駅,とうきょうめとろはんぞうもんせん すいてんぐうまええき,鉄道,
,中央,東京都,,東京メトロ半蔵門線 水天宮前駅～清澄白河駅間,とうきょうめとろはんぞうもんせん すいてんぐうまええき～きよすみしらかわえきかん,鉄道,
,中央,東京都,,東京メトロ半蔵門線 清澄白河駅,とうきょうめとろはんぞうもんせん きよすみしらかわえき,鉄道,
,中央,東京都,,東京メトロ半蔵門線 清澄白河駅～住吉駅間,とうきょうめとろはんぞうもんせん きよすみしらかわえき～すみよしえきかん,鉄道,
,中央,東京都,,東京メトロ半蔵門線 青山一丁目駅,とうきょうめとろはんぞうもんせん あおやまいっちょうめえき,鉄道,
,中央,東京都,,東京メトロ半蔵門線 青山一丁目駅～永田町駅間,とうきょうめとろはんぞうもんせん あおやまいっちょうめえき～ながたちょうえきかん,鉄道,
,中央,東京都,,東京メトロ半蔵門線 大手町駅,とうきょうめとろはんぞうもんせん おおてまちえき,鉄道,
,中央,東京都,,東京メトロ半蔵門線 大手町駅～三越前駅間,とうきょうめとろはんぞうもんせん おおてまちえき～みつこしまええきかん,鉄道,
,中央,東京都,,東京メトロ半蔵門線 半蔵門駅,とうきょうめとろはんぞうもんせん はんぞうもんえき,鉄道,
,中央,東京都,,東京メトロ半蔵門線 半蔵門駅～九段下駅間,とうきょうめとろはんぞうもんせん はんぞうもんえき～くだんしたえきかん,鉄道,
,中央,東京都,,東京メトロ半蔵門線 表参道駅,とうきょうめとろはんぞうもんせん おもてさんどうえき,鉄道,
,中央,東京都,,東京メトロ半蔵門線 表参道駅～青山一丁目駅間,とうきょうめとろはんぞうもんせん おもてさんどうえき～あおやまいっちょうめえきかん,鉄道,
,中央,東京都,,東京メトロ副都心線 雑司が谷駅,とうきょうめとろふくとしんせん ぞうしがやえき,鉄道,
,中央,東京都,,東京メトロ副都心線 雑司が谷駅～西早稲田駅間,とうきょうめとろふくとしんせん ぞうしがやえき～にしわせだえきかん,鉄道,
,中央,東京都,,東京メトロ副都心線 渋谷駅,とうきょうめとろふくとしんせん しぶやえき,鉄道,
,中央,東京都,,東京メトロ副都心線 小竹向原駅,とうきょうめとろふくとしんせん こたけむかいはらえき,鉄道,
,中央,東京都,,東京メトロ副都心線 小竹向原駅～千川駅間,とうきょうめとろふくとしんせん こたけむかいはらえき～せんかわえきかん,鉄道,
,中央,東京都,,東京メトロ副都心線 新宿三丁目駅,とうきょうめとろふくとしんせん しんじゅくさんちょうめえき,鉄道,
,中央,東京都,,東京メトロ副都心線 新宿三丁目駅～北参道駅間,とうきょうめとろふくとしんせん しんじゅくさんちょうめえき～きたさんどうえきかん,鉄道,
,中央,東京都,,東京メトロ副都心線 西早稲田駅,とうきょうめとろふくとしんせん にしわせだえき,鉄道,
,中央,東京都,,東京メトロ副都心線 西早稲田駅～東新宿駅間,とうきょうめとろふくとしんせん にしわせだえき～ひがししんじゅくえきかん,鉄道,
,中央,東京都,,東京メトロ副都心線 千川駅,とうきょうめとろふくとしんせん せんかわえき,鉄道,
,中央,東京都,,東京メトロ副都心線 千川駅～要町駅間,とうきょうめとろふくとしんせん せんかわえき～かなめちょうえきかん,鉄道,
,中央,東京都,,東京メトロ副都心線 地下鉄成増駅,とうきょうめとろふくとしんせん ちかてつなりますえき,鉄道,
,中央,東京都,,東京メトロ副都心線 地下鉄赤塚駅,とうきょうめとろふくとしんせん ちかてつあかつかえき,鉄道,
,中央,東京都,,東京メトロ副都心線 池袋駅,とうきょうめとろふくとしんせん いけぶくろえき,鉄道,
,中央,東京都,,東京メトロ副都心線 池袋駅～雑司が谷駅間,とうきょうめとろふくとしんせん いけぶくろえき～ぞうしがやえきかん,鉄道,
,中央,東京都,,東京メトロ副都心線 東新宿駅,とうきょうめとろふくとしんせん ひがししんじゅくえき,鉄道,
,中央,東京都,,東京メトロ副都心線 東新宿駅～新宿三丁目駅間,とうきょうめとろふくとしんせん ひがししんじゅくえき～しんじゅくさんちょうめえきかん,鉄道,
,中央,東京都,,東京メトロ副都心線 氷川台駅,とうきょうめとろふくとしんせん ひかわだいえき,鉄道,
,中央,東京都,,東京メトロ副都心線 平和台駅,とうきょうめとろふくとしんせん へいわだいえき,鉄道,
,中央,東京都,,東京メトロ副都心線 北参道駅,とうきょうめとろふくとしんせん きたさんどうえき,鉄道,
,中央,東京都,,東京メトロ副都心線 北参道駅～明治神宮前駅間,とうきょうめとろふくとしんせん きたさんどうえき～めいじじんぐうまええきかん,鉄道,
,中央,東京都,,東京メトロ副都心線 明治神宮前駅,とうきょうめとろふくとしんせん めいじじんぐうまええき,鉄道,
,中央,東京都,,東京メトロ副都心線 明治神宮前駅～渋谷駅間,とうきょうめとろふくとしんせん めいじじんぐうまええき～しぶやえきかん,鉄道,
,中央,東京都,,東京メトロ副都心線 要町駅,とうきょうめとろふくとしんせん かなめちょうえき,鉄道,
,中央,東京都,,東京メトロ副都心線 要町駅～池袋駅間,とうきょうめとろふくとしんせん かなめちょうえき～いけぶくろえきかん,鉄道,
,中央,東京都,,東京メトロ有楽町線 永田町駅,とうきょうめとろゆうらくちょうせん ながたちょうえき,鉄道,
,中央,東京都,,東京メトロ有楽町線 永田町駅～桜田門駅間,とうきょうめとろゆうらくちょうせん ながたちょうえき～さくらだもんえきかん,鉄道,
,中央,東京都,,東京メトロ有楽町線 銀座一丁目駅～新富町駅間,とうきょうめとろゆうらくちょうせん ぎんざいっちょうめえき～しんとみちょうえきかん,鉄道,
,中央,東京都,,東京メトロ有楽町線 月島駅,とうきょうめとろゆうらくちょうせん つきしまえき,鉄道,
,中央,東京都,,東京メトロ有楽町線 月島駅～豊洲駅間,とうきょうめとろゆうらくちょうせん つきしまえき～とよすえきかん,鉄道,
,中央,東京都,,東京メトロ有楽町線 護国寺駅,とうきょうめとろゆうらくちょうせん ごこくじえき,鉄道,
,中央,東京都,,東京メトロ有楽町線 護国寺駅～江戸川橋駅間,とうきょうめとろゆうらくちょうせん ごこくじえき～えどがわばしえきかん,鉄道,
,中央,東京都,,東京メトロ有楽町線 江戸川橋駅,とうきょうめとろゆうらくちょうせん えどがわばしえき,鉄道,
,中央,東京都,,東京メトロ有楽町線 江戸川橋駅～飯田橋駅間,とうきょうめとろゆうらくちょうせん えどがわばしえき～いいだばしえきかん,鉄道,
,中央,東京都,,東京メトロ有楽町線 麹町駅,とうきょうめとろゆうらくちょうせん こうじまちえき,鉄道,
,中央,東京都,,東京メトロ有楽町線 麹町駅～永田町駅間,とうきょうめとろゆうらくちょうせん こうじまちえき～ながたちょうえきかん,鉄道,
,中央,東京都,,東京メトロ有楽町線 桜田門駅,とうきょうめとろゆうらくちょうせん さくらだもんえき,鉄道,
,中央,東京都,,東京メトロ有楽町線 桜田門駅～有楽町駅間,とうきょうめとろゆうらくちょうせん さくらだもんえき～ゆうらくちょうえきかん,鉄道,
,中央,東京都,,東京メトロ有楽町線 市ケ谷駅,とうきょうめとろゆうらくちょうせん いちがやえき,鉄道,
,中央,東京都,,東京メトロ有楽町線 市ケ谷駅～麹町駅間,とうきょうめとろゆうらくちょうせん いちがやえき～こうじまちえきかん,鉄道,
,中央,東京都,,東京メトロ有楽町線 小竹向原駅,とうきょうめとろゆうらくちょうせん こたけむかいはらえき,鉄道,
,中央,東京都,,東京メトロ有楽町線 小竹向原駅～千川駅間,とうきょうめとろゆうらくちょうせん こたけむかいはらえき～せんかわえきかん,鉄道,
,中央,東京都,,東京メトロ有楽町線 新富町駅,とうきょうめとろゆうらくちょうせん しんとみちょうえき,鉄道,
,中央,東京都,,東京メトロ有楽町線 新富町駅～月島駅間,とうきょうめとろゆうらくちょうせん しんとみちょうえき～つきしまえきかん,鉄道,
,中央,東京都,,東京メトロ有楽町線 千川駅,とうきょうめとろゆうらくちょうせん せんかわえき,鉄道,
,中央,東京都,,東京メトロ有楽町線 千川駅～要町駅間,とうきょうめとろゆうらくちょうせん せんかわえき～かなめちょうえきかん,鉄道,
,中央,東京都,,東京メトロ有楽町線 辰巳駅,とうきょうめとろゆうらくちょうせん たつみえき,鉄道,
,中央,東京都,,東京メトロ有楽町線 辰巳駅～新木場駅間,とうきょうめとろゆうらくちょうせん たつみえき～しんきばえきかん,鉄道,
,中央,東京都,,東京メトロ有楽町線 地下鉄成増駅,とうきょうめとろゆうらくちょうせん ちかてつなりますえき,鉄道,
,中央,東京都,,東京メトロ有楽町線 地下鉄成増駅～地下鉄赤塚駅間,とうきょうめとろゆうらくちょうせん ちかてつなりますえき～ちかてつあかつかえきかん,鉄道,
,中央,東京都,,東京メトロ有楽町線 地下鉄赤塚駅,とうきょうめとろゆうらくちょうせん ちかてつあかつかえき,鉄道,
,中央,東京都,,東京メトロ有楽町線 池袋駅,とうきょうめとろゆうらくちょうせん いけぶくろえき,鉄道,
,中央,東京都,,東京メトロ有楽町線 池袋駅～東池袋駅間,とうきょうめとろゆうらくちょうせん いけぶくろえき～ひがしいけぶくろえきかん,鉄道,
,中央,東京都,,東京メトロ有楽町線 東池袋駅,とうきょうめとろゆうらくちょうせん ひがしいけぶくろえき,鉄道,
,中央,東京都,,東京メトロ有楽町線 東池袋駅～護国寺駅間,とうきょうめとろゆうらくちょうせん ひがしいけぶくろえき～ごこくじえきかん,鉄道,
,中央,東京都,,東京メトロ有楽町線 飯田橋駅,とうきょうめとろゆうらくちょうせん いいだばしえき,鉄道,
,中央,東京都,,東京メトロ有楽町線 飯田橋駅～市ケ谷駅間,とうきょうめとろゆうらくちょうせん いいだばしえき～いちがやえきかん,鉄道,
,中央,東京都,,東京メトロ有楽町線 氷川台駅,とうきょうめとろゆうらくちょうせん ひかわだいえき,鉄道,
,中央,東京都,,東京メトロ有楽町線 氷川台駅～小竹向原駅間,とうきょうめとろゆうらくちょうせん ひかわだいえき～こたけむかいはらえきかん,鉄道,
,中央,東京都,,東京メトロ有楽町線 平和台駅,とうきょうめとろゆうらくちょうせん へいわだいえき,鉄道,
,中央,東京都,,東京メトロ有楽町線 平和台駅～氷川台駅間,とうきょうめとろゆうらくちょうせん へいわだいえき～ひかわだいえきかん,鉄道,
,中央,東京都,,東京メトロ有楽町線 豊洲駅,とうきょうめとろゆうらくちょうせん とよすえき,鉄道,
,中央,東京都,,東京メトロ有楽町線 豊洲駅～辰巳駅間,とうきょうめとろゆうらくちょうせん とよすえき～たつみえきかん,鉄道,
,中央,東京都,,東京メトロ有楽町線 有楽町駅,とうきょうめとろゆうらくちょうせん ゆうらくちょうえき,鉄道,
,中央,東京都,,東京メトロ有楽町線 有楽町駅～銀座一丁目駅間,とうきょうめとろゆうらくちょうせん ゆうらくちょうえき～ぎんざいっちょうめえきかん,鉄道,
,中央,東京都,,東京メトロ有楽町線 要町駅,とうきょうめとろゆうらくちょうせん かなめちょうえき,鉄道,
,中央,東京都,,東京メトロ有楽町線 要町駅～池袋駅間,とうきょうめとろゆうらくちょうせん かなめちょうえき～いけぶくろえきかん,鉄道,
,中央,東京都,,JR東日本 秋葉原駅,JRひがしにほん あきはばらえき,鉄道,
,中央,東京都,,JR東日本 東京駅コンコース,じぇいあーるひがしにほん とうきょうえきこんこーす,鉄道,
,中央,東京都,,都営地下鉄浅草線 東銀座駅,とえいちかてつあさくさせん ひがしぎんざえき,鉄道,
,中央,東京都,,都営地下鉄大江戸線 都庁前駅,とえいちかてつおおえどせん とちょうまええき,鉄道,
,中央,東京都,,都営地下鉄大江戸線 六本木駅,とえいちかてつおおえどせん ろっぽんぎえき,鉄道,
,中央,東京都,,東急田園都市線 渋谷駅,とうきゅうでんえんとしせん しぶやえき,鉄道,
,中央,東京都,,東急東横線 渋谷駅,とうきゅうとうよこせん しぶやえき,鉄道,
,中央,東京都,,東京地下鉄丸ノ内線 新宿駅,とうきょうちかてつまるのうちせん しんじゅくえき,鉄道,
,中央,東京都,,東京地下鉄丸ノ内線 西新宿駅,とうきょうちかてつまるのうちせん にししんじゅくえき,鉄道,
,中央,東京都,,東京地下鉄丸ノ内線 赤坂見附駅,とうきょうちかてつまるのうちせん あかさかみつけえき,鉄道,
,中央,東京都,,東京地下鉄丸ノ内線 大手町駅,とうきょうちかてつまるのうちせん おおてまちえき,鉄道,
,中央,東京都,,東京地下鉄銀座線 上野駅,とうきょうちかてつぎんざせん うえのえき,鉄道,
,中央,東京都,,東京地下鉄銀座線 新橋駅,とうきょうちかてつぎんざせん しんばしえき,鉄道,
,中央,東京都,,東京地下鉄有楽町線 銀座一丁目駅,とうきょうちかてつゆうらくちょうせん ぎんざいっちょうめえき,鉄道,
,中央,東京都,,京王井の頭線 渋谷駅～神泉駅間トンネル,けいおういのがしらせん しぶやえき～しんせんえきかんとんねる,鉄道,
,中央,東京都,,京王井の頭線 神泉駅～駒場東大前駅間トンネル,けいおういのがしらせん しんせんえき～こまばとうだいまええきかんとんねる,鉄道,
,中央,東京都,,東海道新幹線 八ツ山トンネル,とうかいどうしんかんせん やつやまとんねる,鉄道,
,中央,東京都,,井荻トンネル,いおぎとんねる,トンネル,
,中央,東京都,,霞ヶ関トンネル,かすみがせきとんねる,トンネル,
,中央,東京都,,昭和通りアンダーパス,しょうわどおりあんだーぱす,トンネル,
,中央,東京都,,新橋～虎ノ門間トンネル,しんばし～とらのもんかんとんねる,トンネル,
,中央,東京都,,新橋～築地間トンネル,しんばし～つきじかんとんねる,トンネル,
,中央,東京都,,新宿御苑トンネル,しんじゅくぎょえんとんねる,トンネル,
,中央,東京都,,赤坂トンネル,あかさかとんねる,トンネル,
,中央,東京都,,千代田トンネル,ちよだとんねる,トンネル,
,中央,東京都,,北町若木トンネル,きたまちわかぎとんねる,トンネル,
,中央,東京都,,臨港道路南北線トンネル,りんこうどうろなんぼくせんとんねる,トンネル,
,中央,東京都,,練馬トンネル,ねりまとんねる,トンネル,
,中央,神奈川県,,関内駅地下街,かんないえきちかがいぐん,施設,
,中央,神奈川県,,桜木町駅地下街,さくらぎちょうえきちかがい,施設,
,中央,神奈川県,,川崎アゼリア,かわさきあぜりあ,施設,
,中央,神奈川県,,山下公園駐車場,やましたこうえんちゅうしゃじょう,施設,
,中央,神奈川県,,藤沢市自由通路（Ｂ１）、藤沢市営湘南台駅地下駐車場（Ｂ２） 湘南台駅地下駐車場,ふじさわしじゆうつうろ（Ｂ１）、ふじさわしえいしょうなんだいえきちかちゅうしゃじょう（Ｂ２） しょうなんだいえきちかちゅうしゃじょう,施設,
,中央,神奈川県,,JR東日本 戸塚駅,じぇいあーるひがしにほん とつかえき,鉄道,
,中央,神奈川県,,JR東日本 川崎駅,じぇいあーるひがしにほん かわさきえき,鉄道,
,中央,神奈川県,,JR東日本 大船駅,じぇいあーるひがしにほん おおふなえき,鉄道,
,中央,神奈川県,,JR東日本 藤沢駅,じぇいあーるひがしにほん ふじさわしえき,鉄道,
,中央,神奈川県,,JR東日本根岸線 港南台トンネル,じぇいあーるひがしにほんねぎしせん こうなんだいとんねる,鉄道,
,中央,神奈川県,,JR東日本根岸線 港南台駅,じぇいあーるひがしにほんねぎしせん こうなんだいえき,鉄道,
,中央,神奈川県,,JR東日本根岸線 杉田第四トンネル,じぇいあーるひがしにほんねぎしせん すぎただいよんとんねる,鉄道,
,中央,神奈川県,,JR東日本根岸線 日野第一トンネル,じぇいあーるひがしにほんねぎしせん ひのだいいちとんねる,鉄道,
,中央,神奈川県,,JR東日本根岸線 矢部野トンネル,じぇいあーるひがしにほんねぎしせん やべのとんねる,鉄道,
,中央,神奈川県,,JR東日本根岸線 洋光台駅,じぇいあーるひがしにほんねぎしせん ようこうだいえき,鉄道,
,中央,神奈川県,,JR東日本東海道貨物線 港北トンネル,じぇいあーるひがしにほんとうかいどうかもつせん こうほくとんねる,鉄道,
,中央,神奈川県,,JR東日本東海道貨物線 生見尾トンネル,じぇいあーるひがしにほんとうかいどうかもつせん うみおとんねる,鉄道,
,中央,神奈川県,,横浜高速鉄道みなとみらい２１線 みなとみらい駅,よこはまこうそくてつどうみなとみらいせん みなとみらいえき,鉄道,
,中央,神奈川県,,横浜高速鉄道みなとみらい２１線 みなとみらい駅～馬車道駅間,よこはまこうそくてつどうみなとみらいせん みなとみらいえき～ばしゃみちえきかん,鉄道,
,中央,神奈川県,,横浜高速鉄道みなとみらい２１線 横浜駅～新高島駅間,よこはまこうそくてつどうみなとみらいせん よこはまえき～しんたかしまえきかん,鉄道,
,中央,神奈川県,,横浜高速鉄道みなとみらい２１線 新高島駅,よこはまこうそくてつどうみなとみらいせん しんたかしまえき,鉄道,
,中央,神奈川県,,横浜高速鉄道みなとみらい２１線 新高島駅～みなとみらい駅間,よこはまこうそくてつどうみなとみらいせん しんたかしまえき～みなとみらいえきかん,鉄道,
,中央,神奈川県,,横浜高速鉄道みなとみらい２１線 日本大通り駅,よこはまこうそくてつどうみなとみらいせん にほんおおどおりえき,鉄道,
,中央,神奈川県,,横浜高速鉄道みなとみらい２１線 日本大通り駅～元町・中華街駅間,よこはまこうそくてつどうみなとみらいせん にほんおおどおりえき～もとまち・ちゅうかがいえきかん,鉄道,
,中央,神奈川県,,横浜高速鉄道みなとみらい２１線 馬車道駅,よこはまこうそくてつどうみなとみらいせん ばしゃみちえき,鉄道,
,中央,神奈川県,,横浜高速鉄道みなとみらい２１線 馬車道駅～日本大通り駅間,よこはまこうそくてつどうみなとみらいせん ばしゃみちえき～にほんおおどおりえきかん,鉄道,
,中央,神奈川県,,横浜市営地下鉄グリーンライン センター北駅～北山田駅間,よこはましえいちかてつぐりーんらいん せんたーきたえき～きたやまだえきかん,鉄道,
,中央,神奈川県,,横浜市営地下鉄グリーンライン 高田駅,よこはましえいちかてつぐりーんらいん たかたえき,鉄道,
,中央,神奈川県,,横浜市営地下鉄グリーンライン 高田駅～日吉本町駅間,よこはましえいちかてつぐりーんらいん たかたえき～ひよしほんちょうえきかん,鉄道,
,中央,神奈川県,,横浜市営地下鉄グリーンライン 川和町駅～都筑ふれあいの丘駅間,よこはましえいちかてつぐりーんらいん かわわちょうえき～つづきふれあいのおかえきかん,鉄道,
,中央,神奈川県,,横浜市営地下鉄グリーンライン 中山駅,よこはましえいちかてつぐりーんらいん なかやまえき,鉄道,
,中央,神奈川県,,横浜市営地下鉄グリーンライン 中山駅～川和町駅間,よこはましえいちかてつぐりーんらいん なかやまえき～かわわちょうえきかん,鉄道,
,中央,神奈川県,,横浜市営地下鉄グリーンライン 都筑ふれあいの丘駅,よこはましえいちかてつぐりーんらいん つづきふれあいのおかえき,鉄道,
,中央,神奈川県,,横浜市営地下鉄グリーンライン 都筑ふれあいの丘駅～センター南駅間,よこはましえいちかてつぐりーんらいん つづきふれあいのおかえき～せんたーみなみえきかん,鉄道,
,中央,神奈川県,,横浜市営地下鉄グリーンライン 東山田駅,よこはましえいちかてつぐりーんらいん ひがしやまたえき,鉄道,
,中央,神奈川県,,横浜市営地下鉄グリーンライン 東山田駅～高田駅間,よこはましえいちかてつぐりーんらいん ひがしやまだえき～たかたえきかん,鉄道,
,中央,神奈川県,,横浜市営地下鉄グリーンライン 日吉駅,よこはましえいちかてつぐりーんらいん ひよしえき,鉄道,
,中央,神奈川県,,横浜市営地下鉄グリーンライン 日吉本町駅,よこはましえいちかてつぐりーんらいん ひよしほんちょうえき,鉄道,
,中央,神奈川県,,横浜市営地下鉄グリーンライン 日吉本町駅～日吉駅間,よこはましえいちかてつぐりーんらいん ひよしほんまちえき～ひよしえきかん,鉄道,
,中央,神奈川県,,横浜市営地下鉄グリーンライン 北山田駅,よこはましえいちかてつぐりーんらいん きたやまたえき,鉄道,
,中央,神奈川県,,横浜市営地下鉄グリーンライン 北山田駅～東山田駅間,よこはましえいちかてつぐりーんらいん きたやまだえき～ひがしやまだえきかん,鉄道,
,中央,神奈川県,,横浜市営地下鉄ブルーライン あざみ野駅,よこはましえいちかてつぶるーらいん あざみのえき,鉄道,
,中央,神奈川県,,横浜市営地下鉄ブルーライン センター北駅～中川駅間,よこはましえいちかてつぶるーらいん せんたーきたえき～なかがわえきかん,鉄道,
,中央,神奈川県,,横浜市営地下鉄ブルーライン 伊勢佐木長者町駅,よこはましえいちかてつぶるーらいん いせざきちょうじゃまちえき,鉄道,
,中央,神奈川県,,横浜市営地下鉄ブルーライン 伊勢佐木長者町駅～関内駅間,よこはましえいちかてつぶるーらいん いせざきちょうじゃまちえき～かんないえきかん,鉄道,
,中央,神奈川県,,横浜市営地下鉄ブルーライン 横浜駅～三ツ沢下町駅間,よこはましえいちかてつぶるーらいん よこはまえき～みつざわしもちょうえきかん,鉄道,
,中央,神奈川県,,横浜市営地下鉄ブルーライン 下永谷駅,よこはましえいちかてつぶるーらいん しもながやえき,鉄道,
,中央,神奈川県,,横浜市営地下鉄ブルーライン 下永谷駅～上永谷駅間,よこはましえいちかてつぶるーらいん しもながやえき～かみながやえきかん,鉄道,
,中央,神奈川県,,横浜市営地下鉄ブルーライン 下飯田駅,よこはましえいちかてつぶるーらいん しもいいだえき,鉄道,
,中央,神奈川県,,横浜市営地下鉄ブルーライン 下飯田駅～立場駅間,よこはましえいちかてつぶるーらいん したいいだえき～たちばえきかん,鉄道,
,中央,神奈川県,,横浜市営地下鉄ブルーライン 関内駅,よこはましえいちかてつぶるーらいん かんないえき,鉄道,
,中央,神奈川県,,横浜市営地下鉄ブルーライン 関内駅～桜木町駅間,よこはましえいちかてつぶるーらいん かんないえき～さくらぎちょうえきかん,鉄道,
,中央,神奈川県,,横浜市営地下鉄ブルーライン 岸根公園駅,よこはましえいちかてつぶるーらいん きしねこうえんえき,鉄道,
,中央,神奈川県,,横浜市営地下鉄ブルーライン 岸根公園駅～新横浜駅間,よこはましえいちかてつぶるーらいん きしねこうえんえき～しんよこはまえきかん,鉄道,
,中央,神奈川県,,横浜市営地下鉄ブルーライン 吉野町駅,よこはましえいちかてつぶるーらいん よしのちょうえき,鉄道,
,中央,神奈川県,,横浜市営地下鉄ブルーライン 吉野町駅～阪東橋駅間,よこはましえいちかてつぶるーらいん よしのちょうえき～ばんどうばしえきかん,鉄道,
,中央,神奈川県,,横浜市営地下鉄ブルーライン 戸塚駅,よこはましえいちかてつぶるーらいん とつかえき,鉄道,
,中央,神奈川県,,横浜市営地下鉄ブルーライン 戸塚駅～舞岡駅間,よこはましえいちかてつぶるーらいん とつかえき～まいおかえきかん,鉄道,
,中央,神奈川県,,横浜市営地下鉄ブルーライン 弘明寺駅,よこはましえいちかてつぶるーらいん ぐみょうじえき,鉄道,
,中央,神奈川県,,横浜市営地下鉄ブルーライン 弘明寺駅～蒔田駅間,よこはましえいちかてつぶるーらいん ぐみょうじえき～まきたえきかん,鉄道,
,中央,神奈川県,,横浜市営地下鉄ブルーライン 港南中央駅,よこはましえいちかてつぶるーらいん こうなんちゅおうえき,鉄道,
,中央,神奈川県,,横浜市営地下鉄ブルーライン 港南中央駅～上大岡駅間,よこはましえいちかてつぶるーらいん こうなんちゅおうえき～かみおおおかえきかん,鉄道,
,中央,神奈川県,,横浜市営地下鉄ブルーライン 高島町駅,よこはましえいちかてつぶるーらいん たかしまちょうえき,鉄道,
,中央,神奈川県,,横浜市営地下鉄ブルーライン 高島町駅～横浜駅間,よこはましえいちかてつぶるーらいん たかしまちょうえき～よこはまえきかん,鉄道,
,中央,神奈川県,,横浜市営地下鉄ブルーライン 阪東橋駅,よこはましえいちかてつぶるーらいん ばんどうばしえき,鉄道,
,中央,神奈川県,,横浜市営地下鉄ブルーライン 阪東橋駅～伊勢佐木長者町駅間,よこはましえいちかてつぶるーらいん ばんどうばしえき～いせざきちょうじゃまちえきかん,鉄道,
,中央,神奈川県,,横浜市営地下鉄ブルーライン 桜木町駅,よこはましえいちかてつぶるーらいん さくらぎちょうえき,鉄道,
,中央,神奈川県,,横浜市営地下鉄ブルーライン 桜木町駅～高島町駅間,よこはましえいちかてつぶるーらいん さくらぎちょうえき～たかしまちょうえきかん,鉄道,
,中央,神奈川県,,横浜市営地下鉄ブルーライン 三ツ沢下町駅,よこはましえいちかてつぶるーらいん みつざわしもちょうえき,鉄道,
,中央,神奈川県,,横浜市営地下鉄ブルーライン 三ツ沢下町駅～三ツ沢上町駅間,よこはましえいちかてつぶるーらいん みつざわしもちょうえき～みつざわかみちょうえきかん,鉄道,
,中央,神奈川県,,横浜市営地下鉄ブルーライン 三ツ沢上町駅,よこはましえいちかてつぶるーらいん みつざわかみちょうえき,鉄道,
,中央,神奈川県,,横浜市営地下鉄ブルーライン 三ツ沢上町駅～片倉町駅間,よこはましえいちかてつぶるーらいん みつざわかみちょうえき～かたくらちょうえきかん,鉄道,
,中央,神奈川県,,横浜市営地下鉄ブルーライン 蒔田駅,よこはましえいちかてつぶるーらいん まきたえき,鉄道,
,中央,神奈川県,,横浜市営地下鉄ブルーライン 蒔田駅～吉野町駅間,よこはましえいちかてつぶるーらいん まきたえき～よしのちょうえきかん,鉄道,
,中央,神奈川県,,横浜市営地下鉄ブルーライン 湘南台駅,よこはましえいちかてつぶるーらいん しょうなんだいえき,鉄道,
,中央,神奈川県,,横浜市営地下鉄ブルーライン 湘南台駅～下飯田駅間,よこはましえいちかてつぶるーらいん しょうなんだいえき～しもいいだえきかん,鉄道,
,中央,神奈川県,,横浜市営地下鉄ブルーライン 上永谷駅～港南中央駅間,よこはましえいちかてつぶるーらいん かみながやえき～こうなんちゅおうえきかん,鉄道,
,中央,神奈川県,,横浜市営地下鉄ブルーライン 上大岡駅,よこはましえいちかてつぶるーらいん かみおおおかえき,鉄道,
,中央,神奈川県,,横浜市営地下鉄ブルーライン 上大岡駅～弘明寺駅間,よこはましえいちかてつぶるーらいん かみおおおかえき～ぐみょうじえきかん,鉄道,
,中央,神奈川県,,横浜市営地下鉄ブルーライン 新羽駅～仲町台駅間,よこはましえいちかてつぶるーらいん にっぱえき～なかまちだいえきかん,鉄道,
,中央,神奈川県,,横浜市営地下鉄ブルーライン 新横浜駅,よこはましえいちかてつぶるーらいん しんよこはまえき,鉄道,
,中央,神奈川県,,横浜市営地下鉄ブルーライン 新横浜駅～北新横浜駅間,よこはましえいちかてつぶるーらいん しんよこはまえき～きたしんよこはまえきかん,鉄道,
,中央,神奈川県,,横浜市営地下鉄ブルーライン 中川駅,よこはましえいちかてつぶるーらいん なかがわえき,鉄道,
,中央,神奈川県,,横浜市営地下鉄ブルーライン 中川駅～あざみ野駅間,よこはましえいちかてつぶるーらいん なかがわえき～あざみのえきかん,鉄道,
,中央,神奈川県,,横浜市営地下鉄ブルーライン 中田駅,よこはましえいちかてつぶるーらいん なかだえき,鉄道,
,中央,神奈川県,,横浜市営地下鉄ブルーライン 中田駅～踊場駅間,よこはましえいちかてつぶるーらいん なかだえき～おどりばえきかん,鉄道,
,中央,神奈川県,,横浜市営地下鉄ブルーライン 仲町台駅～センター南駅間,よこはましえいちかてつぶるーらいん なかまちだいえき～せんたーみなみえきかん,鉄道,
,中央,神奈川県,,横浜市営地下鉄ブルーライン 舞岡駅,よこはましえいちかてつぶるーらいん まいおかえき,鉄道,
,中央,神奈川県,,横浜市営地下鉄ブルーライン 舞岡駅～下永谷駅間,よこはましえいちかてつぶるーらいん まいおかえき～しもながやえきかん,鉄道,
,中央,神奈川県,,横浜市営地下鉄ブルーライン 片倉町駅,よこはましえいちかてつぶるーらいん かたくらちょうえき,鉄道,
,中央,神奈川県,,横浜市営地下鉄ブルーライン 片倉町駅～岸根公園駅間,よこはましえいちかてつぶるーらいん かたくらちょうえき～きしねこうえんえきかん,鉄道,
,中央,神奈川県,,横浜市営地下鉄ブルーライン 北新横浜駅,よこはましえいちかてつぶるーらいん きたしんよこはまえき,鉄道,
,中央,神奈川県,,横浜市営地下鉄ブルーライン 踊場駅,よこはましえいちかてつぶるーらいん おどりばえき,鉄道,
,中央,神奈川県,,横浜市営地下鉄ブルーライン 踊場駅～戸塚駅間,よこはましえいちかてつぶるーらいん おどりばえき～とつかえきかん,鉄道,
,中央,神奈川県,,横浜市営地下鉄ブルーライン 立場駅,よこはましえいちかてつぶるーらいん たてばえき,鉄道,
,中央,神奈川県,,横浜市営地下鉄ブルーライン 立場駅～中田駅間,よこはましえいちかてつぶるーらいん たちばえき～なかだえきかん,鉄道,
,中央,神奈川県,,京王相模原線 若葉台駅～京王永山駅間,けいおうさがみはらせん けいおうわかばだいえき　けいおうながやまえきかん,鉄道,
,中央,神奈川県,,京急逗子線 六浦駅～神武寺駅間,けいきゅうずしせん むつうらえきからじんむじえきかん,鉄道,
,中央,神奈川県,,京急本線 ＹＲＰ野比駅～京急長沢駅間,けいきゅうほんせん わいあーるぴーのびえき～けいきゅうながさわえきかん,鉄道,
,中央,神奈川県,,京急本線 安針塚駅～逸見駅間,けいきゅうほんせん あんじんづかえき～いつみえきかん,鉄道,
,中央,神奈川県,,京急本線 井土ヶ谷駅～弘明寺駅間,けいきゅうほんせん いどがやえきからぐみょうじえきかん,鉄道,
,中央,神奈川県,,京急本線 逸見駅～汐入駅間,けいきゅうほんせん いつみえき～しおいりえきかん,鉄道,
,中央,神奈川県,,京急本線 横須賀中央駅～県立大学駅間,けいきゅうほんせん よこすかちゅうおうえき～けんりつだいがくえきかん,鉄道,
,中央,神奈川県,,京急本線 京急久里浜駅～ＹＲＰ野比駅間,けいきゅうほんせん けいきゅうくりはまえき～わいあーるぴーのびえきかん,鉄道,
,中央,神奈川県,,京急本線 京急長沢駅～津久井浜駅間,けいきゅうほんせん けいきゅうながさわえき～つくいはまえきかん,鉄道,
,中央,神奈川県,,京急本線 京急田浦駅～安針塚駅間,けいきゅうほんせん けいきゅうたうらえき～あんじんづかえきかん,鉄道,
,中央,神奈川県,,京急本線 戸部駅～日ノ出町駅間,けいきゅうほんせん とべえき～ひのでちょうえきかん,鉄道,
,中央,神奈川県,,京急本線 弘明寺駅～上大岡駅間,けいきゅうほんせん ぐみょうじえきからかみおおおかえきかん,鉄道,
,中央,神奈川県,,京急本線 汐入駅～横須賀中央駅間,けいきゅうほんせん しおいりえき～よこすかちゅうおうえきかん,鉄道,
,中央,神奈川県,,京急本線 上大岡駅～屏風浦駅間,けいきゅうほんせん かみおおおかえきからびょうぶがうらえきかん,鉄道,
,中央,神奈川県,,京急本線 杉田駅～京急富岡駅間,けいきゅうほんせん すぎたえき～けいきゅうとみおかえきかん,鉄道,
,中央,神奈川県,,京急本線 追浜駅～京急田浦駅間,けいきゅうほんせん おっぱまえき～けいきゅうたうらえきかん,鉄道,
,中央,神奈川県,,京急本線 南太田駅～井土ヶ谷駅間,けいきゅうほんせん みなみおおたえきからいどがやえきかん,鉄道,
,中央,神奈川県,,京急本線 馬堀海岸駅～浦賀駅間,けいきゅうほんせん まぼりかいがんえき～うらがえきかん,鉄道,
,中央,神奈川県,,相鉄・東急直通線 羽沢横浜国大駅～新横浜駅間,そうてつ・とうきゅうちょくつうせん はねさわよこはまこくだいえき～しんよこはまえきかん,鉄道,
,中央,神奈川県,,相鉄・東急直通線 新横浜駅,そうてつ・とうきゅうちょくつうせん しんよこはまえき,鉄道,
,中央,神奈川県,,相鉄・東急直通線 新横浜駅～新綱島駅間,そうてつ・とうきゅうちょくつうせん しんよこはまえき～しんつなしまえきかん,鉄道,
,中央,神奈川県,,相鉄・東急直通線 新綱島駅,そうてつ・とうきゅうちょくつうせん しんつなしまえき,鉄道,
,中央,神奈川県,,相鉄・東急直通線 新綱島駅～日吉駅間,そうてつ・とうきゅうちょくつうせん しんつなしまえき～ひよしえきかん,鉄道,
,中央,神奈川県,,相鉄いずみ野線 南万騎が原駅～緑園都市駅間,そうてついずみのせん みなみまきがはらえき～りょくえんとしえきかん,鉄道,
,中央,神奈川県,,相鉄いずみ野線 二俣川駅～南万騎が原駅間,そうてついずみのせん ふたまたがわえき～みなみまきがはらえきかん,鉄道,
,中央,神奈川県,,相鉄いずみ野線 弥生台駅～いずみ野駅間,そうてついずみのせん やよいだいえき～いずみのえきかん,鉄道,
,中央,神奈川県,,相鉄いずみ野線 緑園都市駅～弥生台駅間,そうてついずみのせん りょくえんとしえき～やよいだいえきかん,鉄道,
,中央,神奈川県,,東急田園都市線 つきみ野駅～中央林間駅間,とうきゅうでんえんとしせん つきみのえき～ちゅうおうりんかんえきかん,鉄道,
,中央,神奈川県,,東急田園都市線 中央林間駅,とうきゅうでんえんとしせん ちゅうおうりんかんえき,鉄道,
,中央,神奈川県,,東急東横線 横浜駅,とうきゅうとうよこせん よこはまえき,鉄道,
,中央,神奈川県,,東急東横線 東白楽駅～反町駅間,とうきゅうとうよこせん ひがしはくらくえき～たんまちえきかん,鉄道,
,中央,神奈川県,,東急東横線 日吉駅,とうきゅうとうよこせん ひよしえき,鉄道,
,中央,神奈川県,,東急東横線 反町駅,とうきゅうとうよこせん そりまちえき,鉄道,
,中央,神奈川県,,東急東横線 反町駅～横浜駅間,とうきゅうとうよこせん たんまちえき～よこはまえきかん,鉄道,
,中央,神奈川県,,東急目黒線 日吉駅,とうきゅうめぐろせん ひよしえき,鉄道,
,中央,神奈川県,,JR東日本横須賀線 武蔵小杉駅,JRひがしにほんよこすかせん むさしこすぎえき,鉄道,
,中央,神奈川県,,JR東日本南武線 武蔵小杉駅,JRひがしにほんなんぶせん むさしこすぎえき,鉄道,
,中央,神奈川県,,横浜高速鉄道みなとみらい２１線 横浜駅,よこはまこうそくてつどうみなとみらい２１せん よこはまえき,鉄道,
,中央,神奈川県,,横浜高速鉄道みなとみらい２１線 元町・中華街駅,よこはまこうそくてつどうみなとみらい２１せん もとまち・ちゅうかがいえき,鉄道,
,中央,神奈川県,,JR東日本中央本線 横吹第一トンネル,じぇいあーるひがしにほんちゅうおうほんせん よこぶきだいいちとんねる,鉄道,
,中央,神奈川県,,JR東日本中央本線 横道第一トンネル,じぇいあーるひがしにほんちゅうおうほんせん よこみちだいいちとんねる,鉄道,
,中央,神奈川県,,JR東日本中央本線 横道第二トンネル,じぇいあーるひがしにほんちゅうおうほんせん よこみちだいにとんねる,鉄道,
,中央,神奈川県,,JR東日本中央本線 吉野トンネル,じぇいあーるひがしにほんちゅうおうほんせん よしのとんねる,鉄道,
,中央,神奈川県,,JR東日本中央本線 橋沢トンネル,じぇいあーるひがしにほんちゅうおうほんせん はしざわとんねる,鉄道,
,中央,神奈川県,,JR東日本中央本線 小原トンネル,じぇいあーるひがしにほんちゅうおうほんせん おばらとんねる,鉄道,
,中央,神奈川県,,JR東日本中央本線 小渕第一トンネル,じぇいあーるひがしにほんちゅうおうほんせん おぶちだいいちとんねる,鉄道,
,中央,神奈川県,,JR東日本中央本線 小渕第三トンネル,じぇいあーるひがしにほんちゅうおうほんせん おぶちだいさんとんねる,鉄道,
,中央,神奈川県,,JR東日本中央本線 小渕第二トンネル,じぇいあーるひがしにほんちゅうおうほんせん おぶちだいにとんねる,鉄道,
,中央,神奈川県,,JR東日本中央本線 上の山トンネル,じぇいあーるひがしにほんちゅうおうほんせん うえのやまとんねる,鉄道,
,中央,神奈川県,,JR東日本中央本線 新横吹トンネル,じぇいあーるひがしにほんちゅうおうほんせん しんよこぶきとんねる,鉄道,
,中央,神奈川県,,JR東日本中央本線 新小原トンネル,じぇいあーるひがしにほんちゅうおうほんせん しんおばらとんねる,鉄道,
,中央,神奈川県,,JR東日本中央本線 新小渕第一トンネル,じぇいあーるひがしにほんちゅうおうほんせん しんおぶちだいいちとんねる,鉄道,
,中央,神奈川県,,JR東日本中央本線 新小渕第三トンネル,じぇいあーるひがしにほんちゅうおうほんせん しんおぶちだいさんとんねる,鉄道,
,中央,神奈川県,,JR東日本中央本線 新小渕第二トンネル,じぇいあーるひがしにほんちゅうおうほんせん しんおぶちだいにとんねる,鉄道,
,中央,神奈川県,,JR東日本中央本線 新上の山トンネル,じぇいあーるひがしにほんちゅうおうほんせん しんうえのやまとんねる,鉄道,
,中央,神奈川県,,JR東日本中央本線 新藤野トンネル,じぇいあーるひがしにほんちゅうおうほんせん しんふじのとんねる,鉄道,
,中央,神奈川県,,JR東日本中央本線 新平野トンネル,じぇいあーるひがしにほんちゅうおうほんせん しんひらのとんねる,鉄道,
,中央,神奈川県,,JR東日本中央本線 天屋トンネル,じぇいあーるひがしにほんちゅうおうほんせん てんやとんねる,鉄道,
,中央,神奈川県,,JR東日本中央本線 藤野トンネル,じぇいあーるひがしにほんちゅうおうほんせん ふじのとんねる,鉄道,
,中央,神奈川県,,JR東日本中央本線 平野トンネル,じぇいあーるひがしにほんちゅうおうほんせん ひらのとんねる,鉄道,
,中央,神奈川県,,JR東日本中央本線 与瀬トンネル,じぇいあーるひがしにほんちゅうおうほんせん よせとんねる,鉄道,
,中央,神奈川県,,東海道新幹線 開戸トンネル,とうかいどうしんかんせん ひらきどとんねる,鉄道,
,中央,神奈川県,,東海道新幹線 借宿トンネル,とうかいどうしんかんせん かりやどとんねる,鉄道,
,中央,神奈川県,,東海道新幹線 出縄トンネル,とうかいどうしんかんせん いでなわとんねる,鉄道,
,中央,神奈川県,,東海道新幹線 小原トンネル,とうかいどうしんかんせん おばらとんねる,鉄道,
,中央,神奈川県,,東海道新幹線 小峰トンネル,とうかいどうしんかんせん こみねとんねる,鉄道,
,中央,神奈川県,,東海道新幹線 上菅田トンネル,とうかいどうしんかんせん かみすげたとんねる,鉄道,
,中央,神奈川県,,東海道新幹線 城堀トンネル,とうかいどうしんかんせん しろほりとんねる,鉄道,
,中央,神奈川県,,東海道新幹線 石垣山トンネル,とうかいどうしんかんせん いしがきやまとんねる,鉄道,
,中央,神奈川県,,東海道新幹線 石橋山トンネル,とうかいどうしんかんせん いしばしやまとんねる,鉄道,
,中央,神奈川県,,東海道新幹線 大倉山トンネル,とうかいどうしんかんせん おおくらやまとんねる,鉄道,
,中央,神奈川県,,東海道新幹線 第一根柄見トンネル,とうかいどうしんかんせん だいいちねがらみとんねる,鉄道,
,中央,神奈川県,,東海道新幹線 第一生沢トンネル,とうかいどうしんかんせん だいいちいくさわとんねる,鉄道,
,中央,神奈川県,,東海道新幹線 第一大和トンネル,とうかいどうしんかんせん だいいちやまととんねる,鉄道,
,中央,神奈川県,,東海道新幹線 第一万騎ヶ原トンネル,とうかいどうしんかんせん だいいちまきがはらとんねる,鉄道,
,中央,神奈川県,,東海道新幹線 第三根柄見トンネル,とうかいどうしんかんせん だいさんねがらみとんねる,鉄道,
,中央,神奈川県,,東海道新幹線 第二根柄見トンネル,とうかいどうしんかんせん だいにねがらみとんねる,鉄道,
,中央,神奈川県,,東海道新幹線 第二生沢トンネル,とうかいどうしんかんせん だいにいくさわとんねる,鉄道,
,中央,神奈川県,,東海道新幹線 第二大和トンネル,とうかいどうしんかんせん だいにやまととんねる,鉄道,
,中央,神奈川県,,東海道新幹線 第二万騎ヶ原トンネル,とうかいどうしんかんせん だいにまきがはらとんねる,鉄道,
,中央,神奈川県,,東海道新幹線 南郷山トンネル,とうかいどうしんかんせん なんごうさんとんねる,鉄道,
,中央,神奈川県,,東海道新幹線 日吉トンネル,とうかいどうしんかんせん ひよしとんねる,鉄道,
,中央,神奈川県,,東海道新幹線 不動山トンネル,とうかいどうしんかんせん ふどうやまとんねる,鉄道,
,中央,神奈川県,,東海道新幹線 米神トンネル,とうかいどうしんかんせん こめかみとんねる,鉄道,
,中央,神奈川県,,東海道新幹線 片浦トンネル,とうかいどうしんかんせん かたうらとんねる,鉄道,
,中央,神奈川県,,東海道新幹線 弁天山トンネル,とうかいどうしんかんせん べんてんやまとんねる,鉄道,
,中央,神奈川県,,東海道新幹線 本宿原トンネル,とうかいどうしんかんせん ほんじゅくはらとんねる,鉄道,
,中央,神奈川県,,東海道新幹線 矢上トンネル,とうかいどうしんかんせん やがみとんねる,鉄道,
,中央,神奈川県,,横浜環状北西線トンネル,よこはまかんじょうほくせいせんとんねる,トンネル,
,中央,神奈川県,,真鶴トンネル,まなづるとんねる,トンネル,
,中央,神奈川県,,川崎航路トンネル,かわさきこうろとんねる,トンネル,
,中央,神奈川県,,多摩川トンネル,たまがわとんねる,トンネル,
,中央,新潟県,,上越新幹線 浦佐トンネル,じょうえつしんかんせん うらさとんねる,鉄道,
,中央,新潟県,,上越新幹線 石打トンネル,じょうえつしんかんせん いしうちとんねる,鉄道,
,中央,新潟県,,上越新幹線 第一上野トンネル,じょうえつしんかんせん だいいちうえのとんねる,鉄道,
,中央,新潟県,,上越新幹線 第一大沢トンネル,じょうえつしんかんせん だいいちおおさわとんねる,鉄道,
,中央,新潟県,,上越新幹線 第三上野トンネル,じょうえつしんかんせん だいさんうえのとんねる,鉄道,
,中央,新潟県,,上越新幹線 第二上野トンネル,じょうえつしんかんせん だいにうえのとんねる,鉄道,
,中央,新潟県,,上越新幹線 第二大沢トンネル,じょうえつしんかんせん だいにおおさわとんねる,鉄道,
,中央,新潟県,,上越新幹線 湯元トンネル,じょうえつしんかんせん ゆもととんねる,鉄道,
,中央,新潟県,,上越新幹線 湯沢トンネル,じょうえつしんかんせん ゆざわとんねる,鉄道,
,中央,新潟県,,上越新幹線 堀之内トンネル,じょうえつしんかんせん ほりのうちとんねる,鉄道,
,中央,山梨県,,JR東日本中央本線 猿橋トンネル,じぇいあーるひがしにほんちゅうおうほんせん さるはしとんねる,鉄道,
,中央,山梨県,,JR東日本中央本線 巌トンネル,じぇいあーるひがしにほんちゅうおうほんせん いわおとんねる,鉄道,
,中央,山梨県,,JR東日本中央本線 巌山トンネル,じぇいあーるひがしにほんちゅうおうほんせん いわやまとんねる,鉄道,
,中央,山梨県,,JR東日本中央本線 御前山トンネル,じぇいあーるひがしにほんちゅうおうほんせん ごぜんやまとんねる,鉄道,
,中央,山梨県,,JR東日本中央本線 四方津第一トンネル,じぇいあーるひがしにほんちゅうおうほんせん しおつだいいちとんねる,鉄道,
,中央,山梨県,,JR東日本中央本線 四方津第二トンネル,じぇいあーるひがしにほんちゅうおうほんせん しおつだいにとんねる,鉄道,
,中央,山梨県,,JR東日本中央本線 新巌トンネル,じぇいあーるひがしにほんちゅうおうほんせん しんいわおとんねる,鉄道,
,中央,山梨県,,JR東日本中央本線 新四方津第一トンネル,じぇいあーるひがしにほんちゅうおうほんせん しんしおつだいいちとんねる,鉄道,
,中央,山梨県,,JR東日本中央本線 新四方津第二トンネル,じぇいあーるひがしにほんちゅうおうほんせん しんしおつだいにとんねる,鉄道,
,中央,山梨県,,JR東日本中央本線 新諏訪トンネル,じぇいあーるひがしにほんちゅうおうほんせん しんすわとんねる,鉄道,
,中央,山梨県,,JR東日本中央本線 新倉トンネル,じぇいあーるひがしにほんちゅうおうほんせん あらくらとんねる,鉄道,
,中央,山梨県,,JR東日本中央本線 新倉第一トンネル,じぇいあーるひがしにほんちゅうおうほんせん あらくらだいいちとんねる,鉄道,
,中央,山梨県,,JR東日本中央本線 新倉第三トンネル,じぇいあーるひがしにほんちゅうおうほんせん あらくらだいさんとんねる,鉄道,
,中央,山梨県,,JR東日本中央本線 新倉第二トンネル,じぇいあーるひがしにほんちゅうおうほんせん あらくらだいにとんねる,鉄道,
,中央,山梨県,,JR東日本中央本線 新梁川第一トンネル,じぇいあーるひがしにほんちゅうおうほんせん しんやながわだいいちとんねる,鉄道,
,中央,山梨県,,JR東日本中央本線 新梁川第二トンネル,じぇいあーるひがしにほんちゅうおうほんせん しんやながわだいにとんねる,鉄道,
,中央,山梨県,,JR東日本中央本線 諏訪トンネル,じぇいあーるひがしにほんちゅうおうほんせん すわとんねる,鉄道,
,中央,山梨県,,JR東日本中央本線 斧窪トンネル,じぇいあーるひがしにほんちゅうおうほんせん おのくぼとんねる,鉄道,
,中央,山梨県,,JR東日本中央本線 梁川第一トンネル,じぇいあーるひがしにほんちゅうおうほんせん やながわだいいちとんねる,鉄道,
,中央,山梨県,,JR東日本中央本線 梁川第二トンネル,じぇいあーるひがしにほんちゅうおうほんせん やながわだいにとんねる,鉄道,
,中央,山梨県,,一色トンネル,いっしきとんねる,トンネル,
,中央,山梨県,,鴨狩津向トンネル,かもがりつむぎとんねる,トンネル,
,中央,山梨県,,城山トンネル,しろやまとんねる,トンネル,
,中央,山梨県,,醍醐山トンネル,だいごやまとんねる,トンネル,
,中央,山梨県,,竹之沢トンネル,たけのさわとんねる,トンネル,
,中央,長野県,,姥神トンネル,うばがみとんねる,トンネル,
,中央,長野県,,権兵衛トンネル,ごんべえとんねる,トンネル,
,中央,長野県,,山口トンネル,やまぐちとんねる,トンネル,
,中央,長野県,,太郎山トンネル,たろうやまとんねる,トンネル,
,中央,長野県,,大久保トンネル,おおくぼとんねる,トンネル,
,中央,長野県,,蝮坂スノーシェルター,まむしざかすのーしぇるたー,トンネル,
,北海道,北海道,,さっぽろ地下街,さっぽろちかがい,施設,
,北海道,北海道,,札幌駅地下街,さっぽろえきちかがい,施設,
,北海道,北海道,,札幌駅北口地下駐車場,さっぽろえききたぐちちかちゅうしゃじょう,施設,
,北海道,北海道,,北一条地下通路,きたいちじょうちかつうろ,施設,
,北海道,北海道,,札幌市営地下鉄東西線 バスセンター前駅,さっぽろしえいちかてつとうざいせん ばすせんたーまええき,鉄道,
,北海道,北海道,,札幌市営地下鉄東西線 バスセンター前駅～菊水駅間,さっぽろしえいちかてつとうざいせん ばすせんたーまええき～きくすいえきかん,鉄道,
,北海道,北海道,,札幌市営地下鉄東西線 円山公園駅,さっぽろしえいちかてつとうざいせん まるやまこうえんえき,鉄道,
,北海道,北海道,,札幌市営地下鉄東西線 円山公園駅～西１８丁目駅間,さっぽろしえいちかてつとうざいせん まるやまこうえんえき～にしじゅうはっちょうめえきかん,鉄道,
,北海道,北海道,,札幌市営地下鉄東西線 菊水駅,さっぽろしえいちかてつとうざいせん きくすいえき,鉄道,
,北海道,北海道,,札幌市営地下鉄東西線 菊水駅～東札幌駅間,さっぽろしえいちかてつとうざいせん きくすいえき～ひがしさっぽろえきかん,鉄道,
,北海道,北海道,,札幌市営地下鉄東西線 宮の沢駅,さっぽろしえいちかてつとうざいせん みやのさわえき,鉄道,
,北海道,北海道,,札幌市営地下鉄東西線 宮の沢駅～発寒南駅間,さっぽろしえいちかてつとうざいせん みやのさわえき～はっさむみなみえきかん,鉄道,
,北海道,北海道,,札幌市営地下鉄東西線 琴似駅,さっぽろしえいちかてつとうざいせん ことにえき,鉄道,
,北海道,北海道,,札幌市営地下鉄東西線 琴似駅～二十四軒駅間,さっぽろしえいちかてつとうざいせん ことにえき～にじゅうよんけんえきかん,鉄道,
,北海道,北海道,,札幌市営地下鉄東西線 西１１丁目駅,さっぽろしえいちかてつとうざいせん にしじゅういっちょうめえき,鉄道,
,北海道,北海道,,札幌市営地下鉄東西線 西１１丁目駅～大通駅間,さっぽろしえいちかてつとうざいせん にしじゅういっちょうめえきかん～おおどおりえきかん,鉄道,
,北海道,北海道,,札幌市営地下鉄東西線 西１８丁目駅,さっぽろしえいちかてつとうざいせん にしじゅうはっちょうめえき,鉄道,
,北海道,北海道,,札幌市営地下鉄東西線 西１８丁目駅～西１１丁目駅間,さっぽろしえいちかてつとうざいせん にしじゅうはっちょうめえき～にしじゅういっちょうめえきかん,鉄道,
,北海道,北海道,,札幌市営地下鉄東西線 西２８丁目駅,さっぽろしえいちかてつとうざいせん にしにじゅうはっちょうめえき,鉄道,
,北海道,北海道,,札幌市営地下鉄東西線 西２８丁目駅～円山公園駅間,さっぽろしえいちかてつとうざいせん にしにじゅうはっちょうめえき～まるやまこうえんえきかん,鉄道,
,北海道,北海道,,札幌市営地下鉄東西線 大通駅,さっぽろしえいちかてつとうざいせん おおどおりえき,鉄道,
,北海道,北海道,,札幌市営地下鉄東西線 大通駅～バスセンター前駅間,さっぽろしえいちかてつとうざいせん おおどおりえき～ばすせんたーまええきかん,鉄道,
,北海道,北海道,,札幌市営地下鉄東西線 東札幌駅,さっぽろしえいちかてつとうざいせん ひがしさっぽろえき,鉄道,
,北海道,北海道,,札幌市営地下鉄東西線 東札幌駅～白石駅間,さっぽろしえいちかてつとうざいせん ひがしさっぽろえき～しろいしえきかん,鉄道,
,北海道,北海道,,札幌市営地下鉄東西線 二十四軒駅,さっぽろしえいちかてつとうざいせん にじゅうよんけんえき,鉄道,
,北海道,北海道,,札幌市営地下鉄東西線 二十四軒駅～西２８丁目駅間,さっぽろしえいちかてつとうざいせん にじゅうよんけんえき～にしにじゅうはっちょうめえきかん,鉄道,
,北海道,北海道,,札幌市営地下鉄東西線 白石駅,さっぽろしえいちかてつとうざいせん しろいしえき,鉄道,
,北海道,北海道,,札幌市営地下鉄東西線 発寒南駅,さっぽろしえいちかてつとうざいせん はっさむみなみえき,鉄道,
,北海道,北海道,,札幌市営地下鉄東西線 発寒南駅～琴似駅間,さっぽろしえいちかてつとうざいせん はっさむみなみえき～ことにえきかん,鉄道,
,北海道,北海道,,札幌市営地下鉄南北線 すすきの駅,さっぽろしえいちかてつなんぼくせん すすきのえき,鉄道,
,北海道,北海道,,札幌市営地下鉄南北線 すすきの駅～中島公園駅間,さっぽろしえいちかてつなんぼくせん すすきのえき～なかじまこうえんえきかん,鉄道,
,北海道,北海道,,札幌市営地下鉄南北線 大通駅,さっぽろしえいちかてつなんぼくせん おおどおりえき,鉄道,
,北海道,北海道,,札幌市営地下鉄南北線 大通駅～すすきの駅間,さっぽろしえいちかてつなんぼくせん おおどおりえき～すすきのえきかん,鉄道,
,北海道,北海道,,札幌市営地下鉄南北線 中の島駅,さっぽろしえいちかてつなんぼくせん なかのしまえき,鉄道,
,北海道,北海道,,札幌市営地下鉄南北線 中の島駅～平岸駅間,さっぽろしえいちかてつなんぼくせん なかのしまえき～ひらぎしえきかん,鉄道,
,北海道,北海道,,札幌市営地下鉄南北線 中島公園駅,さっぽろしえいちかてつなんぼくせん なかじまこうえんえき,鉄道,
,北海道,北海道,,札幌市営地下鉄南北線 中島公園駅～幌平橋駅間,さっぽろしえいちかてつなんぼくせん なかじまこうえんえき～ほろひらばしえきかん,鉄道,
,北海道,北海道,,札幌市営地下鉄南北線 平岸駅,さっぽろしえいちかてつなんぼくせん ひらぎしえき,鉄道,
,北海道,北海道,,札幌市営地下鉄南北線 平岸駅～南平岸駅間,さっぽろしえいちかてつなんぼくせん ひらぎしえき～みなみひらぎしえきかん,鉄道,
,北海道,北海道,,札幌市営地下鉄南北線 幌平橋駅,さっぽろしえいちかてつなんぼくせん ほろひらばしえき,鉄道,
,北海道,北海道,,札幌市営地下鉄南北線 幌平橋駅～中の島駅間,さっぽろしえいちかてつなんぼくせん ほろひらばしえき～なかのしまえきかん,鉄道,
,東北,青森県,,該当施設なし,,,
,東北,岩手県,,該当施設なし,,,
,東北,宮城県,,該当施設なし,,,
,東北,秋田県,,該当施設なし,,,
,東北,山形県,,該当施設なし,,,
,東北,福島県,,該当施設なし,,,
,関東・甲信越,茨城県,,該当施設なし,,,
,関東・甲信越,栃木県,,該当施設なし,,,
,関東・甲信越,群馬県,,該当施設なし,,,
,中国,鳥取県,,該当施設なし,,,
,中国,島根県,,該当施設なし,,,
,四国,徳島県,,該当施設なし,,,
,四国,香川県,,該当施設なし,,,
,四国,愛媛県,,該当施設なし,,,
,九州,沖縄県,,該当施設なし,,,