shopid,shopname,zip,prefectures,city,dec28,dec29,dec30,dec31,jan1,jan2,jan3,jan4,jan5
0111,楽天モバイル 渋谷公園通り店,150-0041,東京都,渋谷区,通常営業,通常営業,通常営業,10:00-18:00,休業,通常営業,通常営業,通常営業,通常営業
0131,楽天モバイル 二子玉川店,158-0094,東京都,世田谷区,通常営業,通常営業,通常営業,10:00-18:00,休業,通常営業,通常営業,通常営業,通常営業
0141,楽天モバイル 心斎橋店,542-0081,大阪府,大阪市,通常営業,通常営業,通常営業,休業,休業,通常営業,通常営業,通常営業,通常営業
0161,楽天モバイル 神戸三宮センター街2丁目店,650-0021,兵庫県,神戸市,通常営業,通常営業,通常営業,10:00-18:00,休業,通常営業,通常営業,通常営業,通常営業
0171,楽天モバイル 名古屋栄森の地下街店,460-0008,愛知県,名古屋市,通常営業,通常営業,通常営業,10:00-18:00,休業,10:00-18:00,10:00-18:00,通常営業,通常営業
0181,楽天モバイル 銀座店,104-0061,東京都,中央区,通常営業,通常営業,通常営業,休業,休業,11:00-19:00,11:00-19:00,通常営業,通常営業
0501,ジョーシン 大日イオンモール店,570-0016,大阪府,守口市,通常営業,通常営業,通常営業,通常営業,通常営業,08:00-21:00,通常営業,通常営業,通常営業
0511,ジョーシン 四條畷イオンモール店,575-0001,大阪府,四條畷市,通常営業,通常営業,通常営業,通常営業,通常営業,通常営業,通常営業,通常営業,通常営業
0521,ジョーシン 浦和美園イオンモール店,336-0967,埼玉県,さいたま市,通常営業,通常営業,通常営業,通常営業,09:00-19:00,通常営業,通常営業,通常営業,通常営業
0531,ジョーシン 羽生イオンモール店,348-0039,埼玉県,羽生市,通常営業,通常営業,通常営業,通常営業,通常営業,通常営業,通常営業,通常営業,通常営業
0541,ジョーシン 桂川イオンモール店,601-8601,京都府,京都市,通常営業,通常営業,通常営業,10:00-20:00,09:00-21:00,通常営業,通常営業,通常営業,通常営業
0571,ジョーシン 日本橋店,556-0005,大阪府,大阪市,通常営業,通常営業,通常営業,10:00-18:30,休業,10:00-19:00,10:00-19:00,通常営業,通常営業
0591,ジョーシン 郡山イオンモール店,639-1101,奈良県,大和郡山市,通常営業,通常営業,通常営業,10:00-20:00,通常営業,通常営業,通常営業,通常営業,通常営業
0601,ジョーシン 登美ヶ丘イオンモール店,630-0115,奈良県,生駒市,通常営業,通常営業,通常営業,通常営業,通常営業,通常営業,通常営業,通常営業,通常営業
0611,ジョーシン 西宮ガーデンズ店,663-8204,兵庫県,西宮市,通常営業,通常営業,通常営業,10:00-18:00,通常営業,通常営業,通常営業,通常営業,通常営業
0621,ジョーシン 大高イオンモール店,459-8001,愛知県,名古屋市,通常営業,通常営業,通常営業,通常営業,通常営業,通常営業,通常営業,通常営業,通常営業
0701,エディオン 豊田本店,471-0037,愛知県,豊田市,通常営業,通常営業,通常営業,10:00-18:00,10:00-18:00,通常営業,通常営業,通常営業,通常営業
0711,エディオン 広島本店,730-8620,広島県,広島市,通常営業,通常営業,通常営業,10:00-18:00,10:00-18:00,10:00-19:00,10:00-19:30,通常営業,通常営業
0721,エディオン 安城店,446-0057,愛知県,安城市,通常営業,通常営業,通常営業,10:00-18:00,休業,10:00-19:00,10:00-19:00,通常営業,通常営業
0731,エディオン 岡崎本店,444-0859,愛知県,岡崎市,通常営業,通常営業,通常営業,10:00-18:00,休業,10:00-19:00,10:00-19:00,通常営業,通常営業
0741,エディオン 一宮本店,491-0862,愛知県,一宮市,通常営業,通常営業,通常営業,10:00-18:00,休業,通常営業,通常営業,通常営業,通常営業
0751,エディオン 伊丹店,664-0831,兵庫県,伊丹市,通常営業,通常営業,通常営業,10:00-18:00,10:00-19:00,10:00-19:00,10:00-19:00,通常営業,通常営業
0761,エディオン サントムーン柿田川店,411-0907,静岡県,駿東郡,通常営業,通常営業,通常営業,通常営業,通常営業,通常営業,通常営業,通常営業,通常営業
0771,エディオン 中環東大阪店,577-0003,大阪府,東大阪市,通常営業,通常営業,通常営業,通常営業,休業,通常営業,通常営業,通常営業,通常営業
0781,エディオン 倉敷本店,710-0834,岡山県,倉敷市,通常営業,通常営業,通常営業,10:00-18:00,休業,通常営業,通常営業,通常営業,通常営業
1171,ジョーシン 伏見店,612-8393,京都府,京都市,通常営業,通常営業,通常営業,10:00-18:30,休業,10:00-19:00,10:00-19:00,通常営業,通常営業
1181,ジョーシン 泉南イオンモール店,590-0535,大阪府,泉南市,通常営業,通常営業,通常営業,10:00-20:00,09:00-21:00,通常営業,通常営業,通常営業,通常営業
1211,エディオン 松山本店,790-0065,愛媛県,松山市,通常営業,通常営業,通常営業,10:00-18:00,休業,通常営業,通常営業,通常営業,通常営業
1241,ケーズデンキ 水戸本店,310-0836,茨城県,水戸市,通常営業,通常営業,通常営業,10:00-19:00,休業,10:00-19:00,10:00-19:00,通常営業,通常営業
1251,ケーズデンキ つくば研究学園店,305-0817,茨城県,つくば市,通常営業,通常営業,通常営業,10:00-19:00,休業,10:00-19:00,10:00-19:00,通常営業,通常営業
1261,ケーズデンキ 東京ベイサイド新浦安店,279-0013,千葉県,浦安市,通常営業,通常営業,通常営業,10:00-19:00,休業,10:00-19:00,10:00-19:00,通常営業,通常営業
1331,ケーズデンキ 仙台北店,981-3137,宮城県,仙台市,通常営業,通常営業,通常営業,10:00-19:00,休業,08:00-19:00,通常営業,通常営業,通常営業
1341,ケーズデンキ 八戸本店,031-0071,青森県,八戸市,通常営業,通常営業,通常営業,10:00-19:00,休業,通常営業,通常営業,通常営業,通常営業
1351,ケーズデンキ 札幌麻生店,001-0036,北海道,札幌市,通常営業,通常営業,通常営業,10:00-16:00,通常営業,通常営業,通常営業,通常営業,通常営業
1361,ケーズデンキ 月寒店,062-0055,北海道,札幌市,通常営業,通常営業,通常営業,10:00-19:00,休業,通常営業,通常営業,通常営業,通常営業
1381,ケーズデンキ 長野本店,380-0928,長野県,長野市,通常営業,通常営業,通常営業,通常営業,休業,通常営業,通常営業,通常営業,通常営業
1391,ケーズデンキ インターパーク宇都宮店,321-0118,栃木県,宇都宮市,通常営業,通常営業,通常営業,10:00-19:00,休業,10:00-19:00,10:30-19:00,通常営業,通常営業
1401,ケーズデンキ ピオニウォーク東松山店,355-0048,埼玉県,東松山市,通常営業,通常営業,通常営業,10:00-19:00,休業,10:00-19:00,10:00-19:00,通常営業,通常営業
1461,エディオン 那覇メインプレイス店,900-0006,沖縄県,那覇市,通常営業,通常営業,通常営業,通常営業,通常営業,通常営業,通常営業,通常営業,通常営業
1471,100満ボルト 金沢本店,921-8804,石川県,野々市市,通常営業,通常営業,通常営業,10:00-18:00,休業,通常営業,通常営業,通常営業,通常営業
1561,ジョーシン 姫路大津イオンモール店,671-1146,兵庫県,姫路市,通常営業,通常営業,通常営業,通常営業,09:00-21:00,通常営業,通常営業,通常営業,通常営業
1571,ジョーシン 明和イオンモール店,515-0348,三重県,多気郡,通常営業,通常営業,通常営業,通常営業,通常営業,通常営業,通常営業,通常営業,通常営業
1581,ジョーシン 福井本店,910-0837,福井県,福井市,通常営業,通常営業,通常営業,10:00-18:30,休業,10:00-19:00,10:00-19:00,通常営業,通常営業
1601,楽天モバイル ゆめタウン広島店,734-0007,広島県,広島市,通常営業,通常営業,通常営業,通常営業,09:00-20:00,通常営業,通常営業,通常営業,通常営業
1611,ジョーシン 亀貝店,950-2033,新潟県,新潟市,通常営業,通常営業,通常営業,10:00-19:00,休業,10:00-19:00,通常営業,通常営業,通常営業
1651,ジョーシン アリオ川口店,332-0033,埼玉県,川口市,通常営業,通常営業,通常営業,通常営業,09:00-21:00,通常営業,通常営業,通常営業,通常営業
1671,楽天モバイル 新静岡駅前店,420-0858,静岡県,静岡市,通常営業,通常営業,通常営業,10:00-16:00,休業,通常営業,通常営業,通常営業,通常営業
1681,ジョーシン 津城山イオンタウン店,514-1112,三重県,津市,通常営業,通常営業,通常営業,通常営業,通常営業,通常営業,通常営業,通常営業,通常営業
1761,ケーズデンキ ガーデンシティ垂水店,655-0052,兵庫県,神戸市,通常営業,通常営業,通常営業,10:00-19:00,休業,10:00-19:00,10:00-19:00,通常営業,通常営業
1771,ケーズデンキ 浜松市野店,435-0052,静岡県,浜松市,通常営業,通常営業,通常営業,10:00-18:00,休業,10:00-18:00,10:00-18:00,通常営業,通常営業
1781,ケーズデンキ 甲府店,400-0043,山梨県,甲府市,通常営業,休業,通常営業,10:00-19:00,休業,10:00-19:00,10:00-19:00,10:00-19:00,休業
1811,ケーズデンキ 鹿児島本店,891-0115,鹿児島県,鹿児島市,通常営業,通常営業,通常営業,10:00-19:00,休業,10:00-19:00,10:00-19:00,通常営業,通常営業
1851,楽天モバイル 姫路グランフェスタ店,670-0927,兵庫県,姫路市,通常営業,通常営業,通常営業,休業,休業,10:00-18:00,10:00-18:00,通常営業,通常営業
1861,ケーズデンキ 高松本店,761-8076,香川県,高松市,通常営業,通常営業,通常営業,10:00-18:00,休業,10:00-18:00,10:00-18:00,通常営業,通常営業
1871,楽天モバイル 鶴舞イオンタウン千種店,464-0858,愛知県,名古屋市,通常営業,通常営業,通常営業,10:00-20:00,通常営業,通常営業,通常営業,通常営業,通常営業
1921,ビックカメラ 札幌店,060-0005,北海道,札幌市,通常営業,通常営業,通常営業,10:00-17:30,休業,09:00-19:00,通常営業,通常営業,通常営業
1931,楽天モバイル 秋田イオンモール秋田店,010-1413,秋田県,秋田市,通常営業,通常営業,通常営業,10:00-19:00,08:00-21:00,09:00-21:00,09:00-21:00,通常営業,通常営業
1951,楽天モバイル 調布駅前店,182-0024,東京都,調布市,通常営業,通常営業,通常営業,休業,休業,通常営業,通常営業,通常営業,通常営業
1961,楽天モバイル センター南サウスウッド,224-0032,神奈川県,横浜市,通常営業,通常営業,通常営業,10:00-18:00,休業,10:00-18:00,10:00-18:00,通常営業,通常営業
1971,楽天モバイル モレラ岐阜店,501-0406,岐阜県,本巣市,通常営業,通常営業,通常営業,10:00-19:00,09:00-20:00,10:00-20:00,10:00-20:00,通常営業,通常営業
2011,楽天モバイル 大泉学園店,178-0063,東京都,練馬区,通常営業,通常営業,通常営業,10:00-19:00,11:00-19:00,10:00-19:00,10:00-19:00,通常営業,通常営業
2021,楽天モバイル ららぽーと湘南平塚店,254-0031,神奈川県,平塚市,通常営業,通常営業,通常営業,10:00-19:00,通常営業,通常営業,通常営業,通常営業,通常営業
2041,楽天モバイル ららぽーと海老名店,243-0436,神奈川県,海老名市,通常営業,通常営業,通常営業,通常営業,通常営業,通常営業,通常営業,通常営業,通常営業
2051,楽天モバイル イオンモール新小松店,923-8565,石川県,小松市,通常営業,通常営業,通常営業,10:00-20:00,09:00-21:00,通常営業,通常営業,通常営業,通常営業
2071,楽天モバイル 吉祥寺駅前店,180-0004,東京都,武蔵野市,通常営業,通常営業,通常営業,10:00-17:00,休業,10:00-17:00,通常営業,通常営業,通常営業
2091,楽天モバイル ジョーシンギア 各務原イオンモール店,504-0943,岐阜県,各務原市,通常営業,通常営業,通常営業,09:00-20:00,08:00-21:00,通常営業,通常営業,通常営業,通常営業
2111,ケーズデンキ 山形北本店,990-0886,山形県,山形市,通常営業,通常営業,通常営業,通常営業,休業,10:00-19:00,通常営業,通常営業,通常営業
2121,ケーズデンキ 会津若松本店,965-0057,福島県,会津若松市,通常営業,通常営業,通常営業,10:00-19:00,休業,通常営業,通常営業,通常営業,通常営業
2131,楽天モバイル 錦糸町テルミナ店,130-0022,東京都,墨田区,通常営業,通常営業,通常営業,10:00-18:00,休業,通常営業,通常営業,通常営業,通常営業
2141,ケーズデンキ 千葉ニュータウン店,270-1334,千葉県,印西市,通常営業,通常営業,通常営業,10:00-19:00,休業,10:00-19:00,10:00-19:00,通常営業,通常営業
2171,楽天モバイル 梅田阪急三番街店,530-0012,大阪府,大阪市,通常営業,通常営業,通常営業,10:00-18:00,休業,通常営業,通常営業,通常営業,通常営業
2181,楽天モバイル 千里中央イオンSENRITO店,560-0082,大阪府,豊中市,通常営業,通常営業,通常営業,通常営業,10:00-19:00,通常営業,通常営業,通常営業,通常営業
2211,楽天モバイル グランツリー武蔵小杉店,211-0004,神奈川県,川崎市,通常営業,通常営業,通常営業,10:00-20:00,10:00-20:00,通常営業,通常営業,通常営業,通常営業
2221,楽天モバイル 中野サンモール店,164-0001,東京都,中野区,通常営業,通常営業,通常営業,10:00-17:00,休業,10:00-17:00,通常営業,通常営業,通常営業
2231,エディオン 蔦屋家電,732-0822,広島県,広島市,通常営業,通常営業,通常営業,10:00-18:00,休業,通常営業,通常営業,通常営業,休業
2271,エディオン 東広島本店,739-0024,広島県,東広島市,通常営業,通常営業,通常営業,10:00-18:00,休業,通常営業,通常営業,通常営業,通常営業
2281,エディオン 福山本店,720-0801,広島県,福山市,通常営業,通常営業,通常営業,10:00-18:00,休業,通常営業,通常営業,通常営業,通常営業
2321,ケーズデンキ ふじみ野店,356-0058,埼玉県,ふじみ野市,通常営業,通常営業,通常営業,10:00-19:00,休業,10:00-19:00,10:00-19:00,通常営業,通常営業
2331,エディオン 宮崎本店,880-0905,宮崎県,宮崎市,通常営業,通常営業,通常営業,10:00-18:00,10:00-18:00,10:00-19:00,通常営業,通常営業,通常営業
2351,エディオン アミュプラザ長崎,850-0058,長崎県,長崎市,通常営業,通常営業,通常営業,10:00-18:00,休業,通常営業,通常営業,通常営業,通常営業
2411,ビックカメラ AKIBA,101-0021,東京都,千代田区,通常営業,通常営業,通常営業,10:00-19:00,10:00-19:00,10:00-20:00,10:00-20:00,通常営業,通常営業
2421,ケーズデンキ 前橋川曲店,371-0823,群馬県,前橋市,通常営業,通常営業,通常営業,10:00-19:00,休業,10:00-19:00,10:00-19:00,通常営業,通常営業
2431,ジョーシン 東員イオンモール店,511-0255,三重県,員弁郡,通常営業,通常営業,通常営業,通常営業,通常営業,通常営業,通常営業,通常営業,通常営業
2461,ジョーシン 中山寺店,665-0874,兵庫県,宝塚市,通常営業,通常営業,通常営業,10:00-18:30,休業,通常営業,通常営業,通常営業,通常営業
2471,ジョーシン 上越店,943-0171,新潟県,上越市,通常営業,通常営業,通常営業,10:00-18:30,休業,10:00-18:30,10:00-18:30,通常営業,通常営業
2501,ケーズデンキ 仙台太白店,982-0818,宮城県,仙台市,通常営業,通常営業,通常営業,10:00-07:00,休業,08:00-07:00,通常営業,通常営業,通常営業
2521,ケーズデンキ 奥州水沢店,023-0003,岩手県,奥州市,通常営業,通常営業,通常営業,10:00-19:00,休業,09:00-19:00,通常営業,通常営業,通常営業
2531,楽天モバイル くずはモール店,573-1121,大阪府,枚方市,通常営業,通常営業,通常営業,10:00-19:00,10:00-21:00,10:00-21:00,通常営業,通常営業,通常営業
2541,ジョーシン 相模原小山店,252-0205,神奈川県,相模原市,通常営業,通常営業,通常営業,10:00-18:30,休業,10:00-19:00,10:00-19:00,通常営業,通常営業
2551,楽天モバイル イオンモール岡山店,700-0907,岡山県,岡山市,通常営業,通常営業,通常営業,10:00-19:00,09:00-21:00,通常営業,通常営業,通常営業,通常営業
2591,楽天モバイル 自由が丘店,152-0035,東京都,目黒区,通常営業,通常営業,通常営業,休業,休業,通常営業,通常営業,通常営業,通常営業
2611,エディオン 豊川店,442-0823,愛知県,豊川市,通常営業,通常営業,通常営業,10:00-18:00,休業,通常営業,通常営業,通常営業,通常営業
2651,楽天モバイル 西武東戸塚店,244-8530,神奈川県,横浜市,通常営業,通常営業,通常営業,10:00-19:00,10:00-19:00,10:00-19:00,10:00-19:00,通常営業,通常営業
2661,ジョーシン 神戸南イオンモール店,652-0844,兵庫県,神戸市,通常営業,通常営業,通常営業,通常営業,通常営業,通常営業,通常営業,通常営業,通常営業
2681,楽天モバイル 新宿サブナード店,160-0021,東京都,新宿区,通常営業,通常営業,通常営業,10:30-19:00,休業,通常営業,通常営業,通常営業,通常営業
2731,楽天モバイル イオンモール常滑店,479-0882,愛知県,常滑市,通常営業,通常営業,通常営業,10:00-20:00,09:00-21:00,通常営業,通常営業,通常営業,通常営業
2751,楽天モバイル 蒲田店,144-0052,東京都,大田区,通常営業,通常営業,通常営業,10:00-17:00,休業,10:00-17:00,通常営業,通常営業,通常営業
2781,楽天モバイル モラージュ菖蒲店,346-0195,埼玉県,久喜市,通常営業,通常営業,通常営業,10:00-20:00,通常営業,通常営業,通常営業,通常営業,通常営業
2791,楽天モバイル ニットーモール熊谷店,360-0032,埼玉県,熊谷市,通常営業,通常営業,通常営業,10:00-19:00,休業,通常営業,通常営業,通常営業,通常営業
2801,ケーズデンキ 旭川大雪通店,070-0010,北海道,旭川市,通常営業,通常営業,通常営業,10:00-19:00,休業,通常営業,通常営業,通常営業,通常営業
2811,ケーズデンキ 鶴ヶ島インター店,350-2211,埼玉県,鶴ヶ島市,通常営業,通常営業,通常営業,通常営業,休業,通常営業,通常営業,通常営業,通常営業
2821,楽天モバイル 所沢プロペ通り店,359-1123,埼玉県,所沢市,通常営業,通常営業,通常営業,10:00-17:00,休業,10:00-17:00,通常営業,通常営業,通常営業
2831,ジョーシン 富山南店,939-8073,富山県,富山市,通常営業,通常営業,通常営業,10:00-18:30,休業,10:00-19:00,10:00-19:00,通常営業,通常営業
2861,エディオン 山口本店,753-0831,山口県,山口市,通常営業,通常営業,通常営業,10:00-18:00,休業,通常営業,通常営業,通常営業,通常営業
2871,100満ボルト 松江本店,690-0045,島根県,松江市,通常営業,通常営業,通常営業,10:00-18:00,休業,通常営業,通常営業,通常営業,通常営業
2891,ケーズデンキ 高知駅前店,780-0056,高知県,高知市,通常営業,通常営業,通常営業,10:00-19:00,休業,10:00-19:00,10:00-19:00,通常営業,通常営業
2901,ケーズデンキ 川越店,350-0031,埼玉県,川越市,通常営業,通常営業,通常営業,10:00-18:00,休業,10:00-18:00,10:00-18:00,通常営業,通常営業
2911,ケーズデンキ パークプレイス大分本店,870-0174,大分県,大分市,通常営業,通常営業,通常営業,10:00-19:00,休業,10:00-19:00,10:00-19:00,通常営業,通常営業
2921,ケーズデンキ 府中本店,183-0044,東京都,府中市,通常営業,通常営業,通常営業,10:00-19:00,休業,10:00-19:00,10:00-19:00,通常営業,通常営業
2931,ケーズデンキ 稲城若葉台店,206-0824,東京都,稲城市,通常営業,通常営業,10:00-18:00,10:00-18:00,通常営業,通常営業,通常営業,通常営業,通常営業
2941,ケーズデンキ たまプラーザ店,225-0003,神奈川県,横浜市,通常営業,通常営業,通常営業,10:00-19:00,休業,10:00-19:00,10:00-19:00,通常営業,通常営業
2961,ケーズデンキ シーサイドひたちなか店,312-0005,茨城県,ひたちなか市,通常営業,通常営業,通常営業,10:00-19:00,休業,10:00-19:00,10:00-19:00,通常営業,通常営業
2971,ケーズデンキ 神栖店,314-0146,茨城県,神栖市,通常営業,通常営業,通常営業,10:00-19:00,休業,10:00-19:00,通常営業,通常営業,通常営業
2991,エディオン 米子店,683-0804,鳥取県,米子市,通常営業,通常営業,通常営業,10:00-18:00,休業,通常営業,通常営業,通常営業,通常営業
3031,楽天モバイル 松山大街道店,790-0004,愛媛県,松山市,通常営業,通常営業,通常営業,通常営業,休業,休業,通常営業,通常営業,通常営業
3041,ケーズデンキ 茂原本店,297-0074,千葉県,茂原市,通常営業,通常営業,通常営業,10:00-19:00,休業,10:00-19:00,10:00-19:00,通常営業,通常営業
3051,ケーズデンキ 青梅店,198-0021,東京都,青梅市,通常営業,通常営業,通常営業,10:00-19:00,休業,通常営業,通常営業,通常営業,通常営業
3071,ケーズデンキ 太田店,373-0824,群馬県,太田市,通常営業,通常営業,通常営業,10:00-19:00,休業,10:00-19:00,10:00-19:00,通常営業,通常営業
3081,ジョーシン 市川大野店,272-0805,千葉県,市川市,通常営業,通常営業,通常営業,10:00-18:30,休業,10:00-19:00,10:00-19:00,通常営業,通常営業
3091,ジョーシン 富田林店,584-0025,大阪府,富田林市,通常営業,通常営業,通常営業,10:00-18:30,休業,10:00-19:00,10:00-19:00,通常営業,通常営業
3101,ジョーシン 西宮今津店,663-8226,兵庫県,西宮市,通常営業,通常営業,通常営業,10:00-18:30,10:00-19:00,10:00-19:00,10:00-19:00,通常営業,通常営業
3131,エディオン クロスガーデン富士中央店,417-0052,静岡県,富士市,通常営業,通常営業,通常営業,10:00-18:00,休業,10:00-19:00,10:00-19:00,通常営業,通常営業
3141,エディオン メッツ大曽根店,461-0040,愛知県,名古屋市,通常営業,通常営業,通常営業,10:00-18:00,休業,通常営業,通常営業,通常営業,通常営業
3151,エディオン 呉本店,737-0811,広島県,呉市,通常営業,通常営業,通常営業,10:00-18:00,休業,通常営業,通常営業,通常営業,通常営業
3181,楽天モバイル 天王寺あべのキューズモール店,545-0052,大阪府,大阪市,通常営業,通常営業,通常営業,10:00-20:00,休業,通常営業,通常営業,通常営業,通常営業
3191,エディオン 具志川メインシティ店,904-2244,沖縄県,うるま市,通常営業,通常営業,通常営業,通常営業,通常営業,通常営業,通常営業,通常営業,通常営業
3201,楽天モバイル 博多駅地下街店,812-0012,福岡県,福岡市,通常営業,通常営業,通常営業,10:00-18:00,休業,通常営業,通常営業,通常営業,通常営業
3211,ジョーシン 宇治店,611-0021,京都府,宇治市,通常営業,通常営業,通常営業,10:00-18:00,10:00-18:00,通常営業,通常営業,通常営業,通常営業
3221,ジョーシン 燕三条店,959-1232,新潟県,燕市,通常営業,通常営業,通常営業,10:00-18:30,休業,10:00-19:00,10:00-19:00,通常営業,通常営業
3241,ジョーシン 斑鳩店,636-0154,奈良県,生駒郡,通常営業,通常営業,通常営業,10:00-18:30,休業,通常営業,通常営業,通常営業,通常営業
3261,ジョーシン 高岡店,933-0904,富山県,高岡市,通常営業,通常営業,通常営業,10:00-18:30,休業,通常営業,通常営業,通常営業,通常営業
3271,ケーズデンキ 高槻店,569-0065,大阪府,高槻市,通常営業,通常営業,通常営業,通常営業,休業,通常営業,通常営業,通常営業,通常営業
3281,ケーズデンキ 弘前本店,036-8084,青森県,弘前市,通常営業,通常営業,通常営業,10:00-19:00,休業,通常営業,通常営業,通常営業,通常営業
3311,ケーズデンキ 秋田中央店,010-0976,秋田県,秋田市,通常営業,通常営業,通常営業,10:00-19:00,休業,通常営業,通常営業,通常営業,通常営業
3321,ケーズデンキ 函館本店,041-0806,北海道,函館市,通常営業,通常営業,通常営業,10:00-19:00,休業,通常営業,通常営業,通常営業,通常営業
3331,ケーズデンキ 近江八幡店,523-0082,滋賀県,近江八幡市,通常営業,通常営業,通常営業,10:00-19:00,休業,10:00-19:00,10:00-19:00,通常営業,通常営業
3341,エディオン 豊橋店,440-0851,愛知県,豊橋市,通常営業,通常営業,通常営業,10:00-18:00,休業,通常営業,通常営業,通常営業,通常営業
3351,ビックカメラ 藤沢店,251-0052,神奈川県,藤沢市,通常営業,通常営業,通常営業,10:00-19:00,10:00-19:00,10:00-20:00,10:00-20:00,通常営業,通常営業
3361,エディオン 西尾店,445-0872,愛知県,西尾市,通常営業,通常営業,通常営業,10:00-18:00,10:00-18:00,10:00-19:00,通常営業,通常営業,通常営業
3371,ケーズデンキ オーツーパーク稲毛店,263-0051,千葉県,千葉市,通常営業,通常営業,通常営業,10:00-19:00,休業,10:00-19:00,10:00-19:00,通常営業,通常営業
3381,ジョーシン 加古川店,675-0131,兵庫県,加古川市,通常営業,通常営業,通常営業,10:00-18:30,休業,通常営業,通常営業,通常営業,通常営業
3401,ジョーシン 伊丹昆陽イオンモール店,664-0027,兵庫県,伊丹市,通常営業,通常営業,通常営業,通常営業,09:00-19:00,通常営業,通常営業,通常営業,通常営業
3411,ケーズデンキ 足立店,120-0046,東京都,足立区,通常営業,通常営業,通常営業,10:00-19:00,休業,10:00-19:00,10:00-19:00,通常営業,通常営業
3441,エディオン 藤枝店,426-0031,静岡県,藤枝市,通常営業,通常営業,通常営業,10:00-18:00,10:00-18:00,10:00-19:00,10:00-19:00,通常営業,通常営業
3451,エディオン 鹿児島南店,890-0073,鹿児島県,鹿児島市,通常営業,通常営業,通常営業,10:00-18:00,休業,10:00-18:00,10:00-18:00,通常営業,通常営業
3461,エディオン 豊中店,561-0821,大阪府,豊中市,通常営業,通常営業,通常営業,10:00-18:00,休業,通常営業,通常営業,通常営業,通常営業
3471,ジョーシン 大垣イオンモール店,503-0933,岐阜県,大垣市,通常営業,通常営業,通常営業,10:00-20:00,09:00-21:00,通常営業,通常営業,通常営業,通常営業
3481,ジョーシン 亀岡店,621-0806,京都府,亀岡市,通常営業,通常営業,通常営業,10:00-18:30,休業,10:00-19:00,10:00-19:00,通常営業,通常営業
3501,エディオン イオンモール鈴鹿店,513-0834,三重県,鈴鹿市,通常営業,通常営業,通常営業,10:00-20:00,通常営業,通常営業,通常営業,通常営業,通常営業
3511,エディオン ゆめタウン宇部店,759-0213,山口県,宇部市,通常営業,通常営業,通常営業,10:00-18:00,10:00-18:00,通常営業,通常営業,通常営業,通常営業
3521,ケーズデンキ 入間店,358-0012,埼玉県,入間市,通常営業,通常営業,通常営業,10:00-19:00,休業,10:00-19:00,10:00-19:00,10:00-19:00,通常営業
3531,ケーズデンキ 星川店,240-0001,神奈川県,横浜市,09:00-20:00,09:00-20:00,09:00-20:00,09:00-19:00,休業,09:30-19:00,09:30-19:00,09:30-20:00,09:30-20:00
3541,ケーズデンキ 上尾店,362-0005,埼玉県,上尾市,通常営業,通常営業,通常営業,10:00-19:00,休業,10:00-19:00,10:00-19:00,通常営業,通常営業
3561,エディオン 西宮店,662-0842,兵庫県,西宮市,通常営業,通常営業,通常営業,10:00-18:00,休業,通常営業,通常営業,通常営業,通常営業
3571,ジョーシン 近江今津店,520-1621,滋賀県,高島市,通常営業,通常営業,通常営業,10:00-18:30,10:00-18:00,10:00-19:00,10:00-19:00,通常営業,通常営業
3581,エディオン 津山本店,708-0841,岡山県,津山市,通常営業,通常営業,通常営業,10:00-18:00,休業,通常営業,通常営業,通常営業,通常営業
3591,コジマ×ビックカメラ 梶ヶ谷店,213-0015,神奈川県,川崎市,通常営業,通常営業,10:00-19:00,10:00-19:00,10:00-19:00,10:00-19:00,10:00-19:00,10:00-19:00,10:00-19:00
3601,コジマ×ビックカメラ 柏店,277-0837,千葉県,柏市,通常営業,通常営業,10:00-19:00,10:00-19:00,10:00-19:00,10:00-19:00,10:00-19:00,10:00-19:00,10:00-19:00
3611,コジマ×ビックカメラ 新座店,352-0011,埼玉県,新座市,通常営業,通常営業,10:00-19:00,10:00-19:00,10:00-19:00,10:00-19:00,10:00-19:00,10:00-19:00,10:00-19:00
3621,ジョーシン 多治見店,507-0022,岐阜県,多治見市,通常営業,通常営業,通常営業,10:00-18:30,休業,通常営業,通常営業,通常営業,通常営業
3631,ビックカメラ 天神2号館,810-0001,福岡県,福岡市,通常営業,通常営業,通常営業,10:00-19:00,10:00-19:00,10:00-20:00,10:00-20:00,通常営業,通常営業
3641,エディオン イオン秦野店,257-0041,神奈川県,秦野市,通常営業,通常営業,通常営業,通常営業,08:00-20:00,通常営業,通常営業,通常営業,通常営業
3651,ビックカメラ ラゾーナ川崎店,212-0013,神奈川県,川崎市,通常営業,通常営業,通常営業,10:00-19:00,10:00-20:00,通常営業,通常営業,通常営業,通常営業
3661,コジマ×ビックカメラ 静岡店,422-8004,静岡県,静岡市,通常営業,通常営業,10:00-19:00,10:00-19:00,10:00-19:00,10:00-19:00,10:00-19:00,10:00-19:00,10:00-19:00
3671,コジマ×ビックカメラ 南砂町SUNAMO店,136-0075,東京都,江東区,通常営業,通常営業,通常営業,10:00-18:00,通常営業,通常営業,通常営業,通常営業,通常営業
3681,楽天モバイル イオン岡崎南店,444-0840,愛知県,岡崎市,通常営業,通常営業,通常営業,10:00-20:00,08:00-21:00,通常営業,通常営業,通常営業,通常営業
3691,楽天モバイル 入間店,358-0008,埼玉県,入間市,通常営業,通常営業,通常営業,10:00-19:00,休業,10:00-19:00,10:00-19:00,通常営業,通常営業
3701,ケーズデンキ 仙台港店,983-0013,宮城県,仙台市,通常営業,通常営業,通常営業,10:00-19:00,休業,08:00-19:00,通常営業,通常営業,通常営業
3711,ケーズデンキ みどり店,379-2311,群馬県,みどり市,通常営業,通常営業,通常営業,通常営業,休業,通常営業,通常営業,通常営業,通常営業
3721,ジョーシン 長岡愛宕店,940-0037,新潟県,長岡市,通常営業,通常営業,通常営業,10:00-18:30,休業,10:00-19:00,10:00-19:00,通常営業,通常営業
3741,ジョーシン 和泉中央店,594-0041,大阪府,和泉市,通常営業,通常営業,通常営業,10:00-18:30,休業,通常営業,通常営業,通常営業,通常営業
3751,ケーズデンキ 岐阜宇佐店,500-8367,岐阜県,岐阜市,通常営業,通常営業,通常営業,10:00-19:00,休業,10:00-19:00,通常営業,通常営業,通常営業
3761,100満ボルト 福井本店,910-0838,福井県,福井市,通常営業,通常営業,通常営業,10:00-18:00,休業,10:00-19:00,10:00-19:00,通常営業,通常営業
3771,エディオン 飯田インター店,395-0152,長野県,飯田市,通常営業,通常営業,通常営業,10:00-18:00,10:00-18:00,09:30-19:00,09:30-19:00,通常営業,通常営業
3811,ジョーシン 木曽川イオンモール店,493-0001,愛知県,一宮市,通常営業,通常営業,09:00-21:00,09:00-20:00,09:00-20:00,通常営業,通常営業,通常営業,通常営業
3821,ジョーシン クロスモール豊川店,442-0823,愛知県,豊川市,通常営業,通常営業,通常営業,10:00-18:30,10:00-19:00,通常営業,通常営業,通常営業,通常営業
3831,ジョーシン 船橋イオンモール店,273-0045,千葉県,船橋市,通常営業,通常営業,通常営業,通常営業,通常営業,通常営業,通常営業,通常営業,通常営業
3841,エディオン 御影店,658-0046,兵庫県,神戸市,通常営業,通常営業,通常営業,10:00-18:00,休業,通常営業,通常営業,通常営業,通常営業
3851,ケーズデンキ 福山駅家店,720-1133,広島県,福山市,通常営業,通常営業,通常営業,10:00-19:00,休業,10:00-19:00,10:00-19:00,通常営業,通常営業
3861,ケーズデンキ 久留米店,839-0809,福岡県,久留米市,通常営業,通常営業,通常営業,10:00-19:00,休業,10:00-19:00,10:00-19:00,通常営業,通常営業
3881,ジョーシン 新大阪店,532-0004,大阪府,大阪市,通常営業,通常営業,通常営業,10:00-18:30,休業,通常営業,通常営業,通常営業,通常営業
3891,ジョーシン 東大阪店,578-0944,大阪府,東大阪市,通常営業,通常営業,通常営業,10:00-18:30,休業,10:00-19:00,10:00-19:00,通常営業,通常営業
3901,ジョーシン 東香里店,573-0073,大阪府,枚方市,通常営業,通常営業,通常営業,10:00-18:30,休業,10:00-19:00,10:00-19:00,通常営業,通常営業
3911,ジョーシン 稲沢店,492-8601,愛知県,稲沢市,通常営業,通常営業,通常営業,10:00-21:00,09:00-20:00,通常営業,通常営業,通常営業,通常営業
3931,ビックカメラ 浜松店,430-0926,静岡県,浜松市,通常営業,通常営業,通常営業,10:00-19:00,10:00-19:00,通常営業,通常営業,通常営業,通常営業
3961,エディオン モザイクモール港北店,224-0003,神奈川県,横浜市,通常営業,通常営業,通常営業,10:00-18:00,休業,通常営業,通常営業,通常営業,通常営業
3971,エディオン 横浜店,231-0057,神奈川県,横浜市,通常営業,通常営業,通常営業,10:00-18:00,休業,休業,10:00-18:00,通常営業,通常営業
3981,エディオン 尾張旭店,488-0044,愛知県,尾張旭市,通常営業,通常営業,通常営業,10:00-18:00,休業,通常営業,通常営業,通常営業,通常営業
3991,ケーズデンキ 東仙台店,983-0833,宮城県,仙台市,通常営業,通常営業,通常営業,10:00-19:00,休業,08:00-19:00,通常営業,通常営業,通常営業
4001,ケーズデンキ 大崎古川本店,989-6136,宮城県,大崎市,通常営業,通常営業,通常営業,10:00-19:00,休業,09:00-19:00,通常営業,通常営業,通常営業
4011,ケーズデンキ 多摩ニュータウン店,192-0363,東京都,八王子市,通常営業,通常営業,10:00-19:00,10:00-19:00,休業,10:00-19:00,10:00-19:00,10:00-19:00,通常営業
4031,ケーズデンキ 中津店,871-0007,大分県,中津市,通常営業,通常営業,通常営業,通常営業,休業,通常営業,通常営業,通常営業,通常営業
4041,エディオン 経塚シティ店,901-2111,沖縄県,浦添市,通常営業,通常営業,通常営業,通常営業,通常営業,通常営業,通常営業,通常営業,通常営業
4051,エディオン ゆめタウン高松店,761-8056,香川県,高松市,通常営業,通常営業,通常営業,通常営業,09:00-19:00,通常営業,通常営業,通常営業,通常営業
4061,エディオン イオンタウン刈谷店,448-0007,愛知県,刈谷市,通常営業,通常営業,通常営業,10:00-18:00,10:00-18:00,10:00-19:00,10:00-19:00,通常営業,通常営業
4071,エディオン 高槻宮田店,569-1142,大阪府,高槻市,通常営業,通常営業,通常営業,10:00-18:00,休業,通常営業,通常営業,通常営業,通常営業
4081,ジョーシン 外環柏原店,582-0001,大阪府,柏原市,通常営業,通常営業,通常営業,10:00-18:30,休業,10:00-19:00,10:00-19:00,通常営業,通常営業
4091,ジョーシン 名谷ダイエー店,654-0154,兵庫県,神戸市,通常営業,通常営業,通常営業,10:00-18:30,10:00-19:00,10:00-19:00,10:00-19:00,通常営業,通常営業
4101,ジョーシン 三国ヶ丘店,591-8031,大阪府,堺市,通常営業,通常営業,通常営業,10:00-18:30,休業,10:00-19:00,10:00-19:00,通常営業,通常営業
4111,ジョーシン 厚木下荻野店,243-0203,神奈川県,厚木市,通常営業,通常営業,通常営業,10:00-18:30,休業,10:00-19:00,10:00-19:00,通常営業,通常営業
4121,ジョーシン 松戸店,270-0023,千葉県,松戸市,通常営業,通常営業,通常営業,10:00-18:30,休業,10:00-19:00,10:00-19:00,通常営業,通常営業
4131,ジョーシン アピタ長久手店,480-1124,愛知県,長久手市,通常営業,通常営業,通常営業,通常営業,09:00-21:30,通常営業,通常営業,通常営業,通常営業
4141,ケーズデンキ 松山藤原店,790-0035,愛媛県,松山市,通常営業,通常営業,通常営業,10:00-19:00,休業,10:00-19:00,10:00-19:00,通常営業,通常営業
4161,100満ボルト 札幌清田店,004-0839,北海道,札幌市,通常営業,通常営業,通常営業,10:00-19:00,休業,10:00-19:00,通常営業,通常営業,通常営業
4171,エディオン 垂水店,655-0052,兵庫県,神戸市,通常営業,通常営業,通常営業,10:00-18:00,10:00-19:00,10:00-19:00,10:00-19:00,通常営業,通常営業
4181,エディオン ニッケパークタウン店,675-0066,兵庫県,加古川市,通常営業,通常営業,通常営業,10:00-18:00,通常営業,通常営業,通常営業,通常営業,通常営業
4191,ケーズデンキ 鹿屋店,893-0022,鹿児島県,鹿屋市,通常営業,通常営業,通常営業,10:00-19:00,休業,10:00-19:00,10:00-19:00,通常営業,通常営業
4201,エディオン 円町店,604-8463,京都府,京都市,通常営業,通常営業,通常営業,10:00-18:00,通常営業,通常営業,通常営業,通常営業,通常営業
4211,ジョーシン 明石店,673-0028,兵庫県,明石市,通常営業,通常営業,通常営業,10:00-18:30,休業,通常営業,通常営業,通常営業,通常営業
4221,ケーズデンキ 福島南本店,960-8151,福島県,福島市,通常営業,通常営業,通常営業,10:00-19:00,休業,通常営業,通常営業,通常営業,通常営業
4231,エディオン おしくま店,631-0011,奈良県,奈良市,通常営業,通常営業,通常営業,10:00-18:00,10:00-18:00,通常営業,通常営業,通常営業,通常営業
4241,エディオン 東川原店,703-8255,岡山県,岡山市,通常営業,通常営業,通常営業,10:00-18:00,休業,通常営業,通常営業,通常営業,通常営業
4261,コジマ×ビックカメラ 池上店,146-0082,東京都,大田区,通常営業,通常営業,10:00-19:00,10:00-19:00,10:00-19:00,10:00-19:00,10:00-19:00,10:00-19:00,10:00-19:00
4281,コジマ×ビックカメラ 葛飾店,124-0012,東京都,葛飾区,通常営業,通常営業,10:00-19:00,10:00-19:00,10:00-19:00,10:00-19:00,10:00-19:00,10:00-19:00,10:00-19:00
4291,コジマ×ビックカメラ 江戸川店,132-0021,東京都,江戸川区,通常営業,通常営業,10:00-19:00,10:00-19:00,10:00-19:00,10:00-19:00,10:00-19:00,10:00-19:00,10:00-19:00
4301,ケーズデンキ 春日店,816-0849,福岡県,春日市,通常営業,通常営業,通常営業,10:00-19:00,休業,10:00-19:00,10:00-19:00,通常営業,通常営業
4331,コジマ×ビックカメラ 志村店,174-0056,東京都,板橋区,通常営業,通常営業,10:00-19:00,10:00-19:00,10:00-19:00,10:00-19:00,10:00-19:00,10:00-19:00,10:00-19:00
4351,ビックカメラ 岡山駅前店,700-0023,岡山県,岡山市,通常営業,通常営業,通常営業,10:00-19:00,10:00-19:00,10:00-20:00,10:00-20:00,通常営業,通常営業
4361,ビックカメラ 鹿児島中央駅店,890-0053,鹿児島県,鹿児島市,通常営業,通常営業,通常営業,10:00-19:00,10:00-19:00,10:00-20:00,10:00-20:00,通常営業,通常営業
4391,エディオン 三島店,411-0815,静岡県,三島市,通常営業,通常営業,通常営業,10:00-18:00,休業,通常営業,通常営業,通常営業,通常営業
4401,エディオン イオンモール扶桑店,480-0105,愛知県,丹羽郡,通常営業,通常営業,通常営業,10:00-20:00,通常営業,通常営業,通常営業,通常営業,通常営業
4411,エディオン 西原シティ店,903-0102,沖縄県,中頭郡,通常営業,通常営業,通常営業,09:00-21:00,通常営業,通常営業,通常営業,通常営業,通常営業
4421,ケーズデンキ 岡山大安寺店,700-0064,岡山県,岡山市,通常営業,通常営業,通常営業,10:00-19:00,休業,10:00-19:00,10:00-19:00,通常営業,通常営業
4431,ケーズデンキ 石巻本店,986-0861,宮城県,石巻市,通常営業,通常営業,通常営業,10:00-19:00,休業,09:00-19:00,通常営業,通常営業,通常営業
4441,ケーズデンキ 女池インター本店,950-0941,新潟県,新潟市,通常営業,通常営業,通常営業,10:00-19:00,休業,10:00-19:00,10:00-19:00,通常営業,通常営業
4451,ケーズデンキ 金沢本店,921-8801,石川県,野々市市,通常営業,通常営業,通常営業,10:00-19:00,休業,10:00-19:00,10:00-19:00,通常営業,通常営業
4461,ケーズデンキ 青森本店,030-0847,青森県,青森市,通常営業,通常営業,通常営業,10:00-19:00,休業,通常営業,通常営業,通常営業,通常営業
4471,エディオン 八幡西店,807-0856,福岡県,北九州市,通常営業,通常営業,通常営業,10:00-18:00,休業,通常営業,通常営業,通常営業,通常営業
4481,エディオン 可児今渡店,509-0207,岐阜県,可児市,通常営業,通常営業,通常営業,10:00-18:00,休業,10:00-18:00,10:00-18:00,通常営業,通常営業
4491,エディオン 八尾南店,581-0036,大阪府,八尾市,通常営業,通常営業,通常営業,10:00-18:00,休業,10:00-19:00,10:00-19:00,通常営業,通常営業
4501,エディオン サンリブシティくまなん店,860-0833,熊本県,熊本市,通常営業,通常営業,通常営業,10:00-18:00,10:00-18:00,通常営業,通常営業,通常営業,通常営業
4511,エディオン 大津一里山店,520-2153,滋賀県,大津市,通常営業,通常営業,通常営業,10:00-19:00,通常営業,通常営業,通常営業,通常営業,通常営業
4521,ジョーシン 淡路店,656-0122,兵庫県,南あわじ市,通常営業,通常営業,通常営業,10:00-18:30,休業,通常営業,通常営業,通常営業,通常営業
4581,楽天モバイル 伊勢佐木モール店,231-0045,神奈川県,横浜市,通常営業,通常営業,通常営業,通常営業,通常営業,通常営業,通常営業,通常営業,通常営業
4591,楽天モバイル ららぽーと富士見店,354-8560,埼玉県,富士見市,10:00-21:00,10:00-21:00,10:00-21:00,10:00-19:00,10:00-21:00,10:00-21:00,10:00-21:00,10:00-21:00,10:00-21:00
4631,ケーズデンキ 美濃加茂店,505-0036,岐阜県,美濃加茂市,通常営業,通常営業,通常営業,10:00-19:00,休業,10:00-19:00,10:00-19:00,通常営業,通常営業
4641,ケーズデンキ 浜松入野店,432-8061,静岡県,浜松市,通常営業,通常営業,通常営業,10:00-19:00,休業,10:00-19:00,10:00-19:00,通常営業,通常営業
4651,ビックカメラ 新潟店,950-0086,新潟県,新潟市,通常営業,通常営業,通常営業,10:00-19:00,10:00-19:00,通常営業,通常営業,通常営業,通常営業
4671,ケーズデンキ 酒田店,998-0828,山形県,酒田市,通常営業,通常営業,通常営業,10:00-19:00,休業,通常営業,通常営業,通常営業,通常営業
4681,ビックカメラ 名古屋駅西店,453-0015,愛知県,名古屋市,通常営業,通常営業,通常営業,通常営業,通常営業,通常営業,通常営業,通常営業,通常営業
4691,ビックカメラ 相模大野駅店,252-0303,神奈川県,相模原市,通常営業,通常営業,通常営業,10:00-18:00,休業,10:00-18:00,10:00-18:00,通常営業,通常営業
4711,コジマ×ビックカメラ イオンモール広島府中店,735-0021,広島県,安芸郡,通常営業,通常営業,通常営業,通常営業,通常営業,通常営業,通常営業,通常営業,通常営業
4731,エディオン 千音寺アズパーク店,454-0972,愛知県,名古屋市,通常営業,通常営業,通常営業,09:00-19:00,10:00-19:00,通常営業,通常営業,通常営業,通常営業
4741,エディオン 高辻シャンピアポート店,466-0058,愛知県,名古屋市,通常営業,通常営業,通常営業,10:00-18:00,休業,10:00-19:00,10:00-19:00,通常営業,通常営業
4751,ジョーシン 一ツ木店,448-0003,愛知県,刈谷市,通常営業,通常営業,通常営業,10:00-17:30,休業,10:00-18:00,10:00-18:00,通常営業,通常営業
4761,ジョーシン 豊岡店,668-0013,兵庫県,豊岡市,通常営業,通常営業,通常営業,10:00-18:30,休業,通常営業,通常営業,通常営業,通常営業
4771,楽天モバイル イオンモール日の出店,190-0182,東京都,西多摩郡,通常営業,通常営業,通常営業,10:00-20:00,09:00-21:00,通常営業,通常営業,通常営業,通常営業
4781,ジョーシン 神戸北町店,651-1233,兵庫県,神戸市,通常営業,通常営業,通常営業,10:00-18:30,休業,通常営業,通常営業,通常営業,通常営業
4811,楽天モバイル つかしん店,661-0001,兵庫県,尼崎市,通常営業,通常営業,通常営業,10:00-20:00,休業,09:30-20:00,通常営業,通常営業,通常営業
4881,エディオン 天白店,468-0043,愛知県,名古屋市,通常営業,通常営業,通常営業,10:00-18:00,休業,通常営業,通常営業,通常営業,通常営業
4891,エディオン もりのみや店,540-0003,大阪府,大阪市,通常営業,通常営業,通常営業,10:00-18:00,休業,通常営業,通常営業,通常営業,通常営業
4901,エディオン 佐賀本店,849-0919,佐賀県,佐賀市,通常営業,通常営業,通常営業,10:00-18:00,休業,通常営業,通常営業,通常営業,通常営業
4911,エディオン イオンモール新居浜店,792-0007,愛媛県,新居浜市,通常営業,通常営業,通常営業,10:00-20:00,09:00-20:00,通常営業,通常営業,通常営業,通常営業
4921,エディオン 桑名店,511-0811,三重県,桑名市,通常営業,通常営業,通常営業,10:00-17:00,休業,通常営業,通常営業,通常営業,通常営業
4941,エディオン 四日市日永店,510-0885,三重県,四日市市,通常営業,通常営業,通常営業,10:00-18:00,休業,通常営業,通常営業,通常営業,通常営業
4951,楽天モバイル イオンモール長久手店,480-1128,愛知県,長久手市,通常営業,通常営業,通常営業,10:00-20:00,09:00-21:00,通常営業,通常営業,通常営業,通常営業
4961,楽天モバイル ららぽーと磐田店,438-0801,静岡県,磐田市,通常営業,通常営業,通常営業,10:00-19:00,10:00-20:00,通常営業,通常営業,通常営業,通常営業
4971,エディオン アルパーク南店,733-0833,広島県,広島市,通常営業,通常営業,通常営業,10:00-18:00,10:00-18:00,通常営業,通常営業,通常営業,通常営業
4981,エディオン 八木店,731-0101,広島県,広島市,通常営業,通常営業,通常営業,10:00-18:00,休業,通常営業,通常営業,通常営業,通常営業
4991,コジマ×ビックカメラ 宇都宮本店,321-0962,栃木県,宇都宮市,通常営業,通常営業,10:00-19:00,10:00-19:00,10:00-19:00,10:00-19:00,10:00-19:00,10:00-19:00,10:00-19:00
5021,ビックカメラ 大宮西口そごう店,330-0854,埼玉県,さいたま市,通常営業,通常営業,通常営業,10:00-19:00,10:00-19:00,10:00-20:00,10:00-20:00,通常営業,通常営業
5031,ビックカメラ 広島駅前店,732-0822,広島県,広島市,通常営業,通常営業,通常営業,10:00-19:00,10:00-19:00,通常営業,通常営業,通常営業,通常営業
5051,エディオン イオンモール浜松市野店,435-0052,静岡県,浜松市,通常営業,通常営業,通常営業,通常営業,08:00-22:00,通常営業,通常営業,通常営業,通常営業
5171,エディオン 名古屋本店,450-0003,愛知県,名古屋市,通常営業,通常営業,通常営業,10:00-18:00,休業,10:00-19:00,10:00-19:00,通常営業,通常営業
5181,ジョーシン 三田ウッディタウン店,669-1321,兵庫県,三田市,通常営業,通常営業,通常営業,10:00-18:30,休業,10:00-19:00,10:00-19:00,通常営業,通常営業
5191,エディオン ららぽーとEXPOCITY店,565-0826,大阪府,吹田市,通常営業,通常営業,通常営業,通常営業,通常営業,10:00-21:00,10:00-21:00,10:00-21:00,10:00-21:00
5201,ジョーシン 川西イオンタウン店,666-0124,兵庫県,川西市,通常営業,通常営業,通常営業,通常営業,通常営業,通常営業,通常営業,通常営業,通常営業
5231,ジョーシン 伊勢ララパーク店,516-0007,三重県,伊勢市,通常営業,通常営業,通常営業,通常営業,通常営業,通常営業,通常営業,通常営業,通常営業
5241,エディオン 新下関店,751-0873,山口県,下関市,通常営業,通常営業,通常営業,10:00-18:00,休業,通常営業,通常営業,通常営業,通常営業
5251,エディオン 六地蔵MOMOテラス店,612-8002,京都府,京都市,通常営業,通常営業,通常営業,10:00-19:00,休業,10:00-19:00,10:00-19:00,休業,休業
5261,エディオン 京橋店,536-0016,大阪府,大阪市,10:30-19:30,10:30-19:30,10:30-19:30,10:00-18:00,10:00-19:00,10:00-19:00,10:00-19:00,通常営業,通常営業
5291,楽天モバイル あまがさきキューズモール店,661-0976,兵庫県,尼崎市,通常営業,通常営業,通常営業,10:00-19:00,10:00-19:00,通常営業,通常営業,通常営業,通常営業
5301,エディオン 泉大津店,595-0004,大阪府,泉大津市,通常営業,通常営業,10:00-19:30,10:00-18:00,10:00-19:00,10:00-19:30,10:00-19:30,通常営業,通常営業
5321,楽天モバイル 竹ノ塚店,121-0813,東京都,足立区,通常営業,通常営業,通常営業,休業,休業,10:00-17:00,10:00-17:00,通常営業,10:00-17:30
5331,100満ボルト 帯広本店,080-0831,北海道,帯広市,通常営業,通常営業,通常営業,10:00-18:00,休業,10:00-19:00,10:00-19:00,通常営業,通常営業
5341,エディオン 東淡路店,533-0023,大阪府,大阪市,通常営業,通常営業,通常営業,10:00-18:00,10:00-18:00,10:00-19:00,10:00-19:00,通常営業,通常営業
5371,ケーズデンキ 埼大通り店,338-0823,埼玉県,さいたま市,通常営業,通常営業,通常営業,10:00-19:00,休業,10:00-19:00,10:00-19:00,通常営業,通常営業
5401,エディオン 多治見インター店,507-0051,岐阜県,多治見市,通常営業,通常営業,通常営業,10:00-18:00,10:00-18:00,10:00-19:00,10:00-19:00,通常営業,通常営業
5411,エディオン 都城吉尾店,885-0006,宮崎県,都城市,通常営業,通常営業,通常営業,10:00-18:00,休業,通常営業,通常営業,通常営業,通常営業
5431,エディオン 佐世保店,857-1151,長崎県,佐世保市,通常営業,通常営業,通常営業,10:00-18:00,休業,08:00-20:00,08:00-20:00,通常営業,通常営業
5441,エディオン 京都ファミリー店,615-0072,京都府,京都市,通常営業,通常営業,通常営業,10:00-20:00,10:00-18:00,通常営業,通常営業,通常営業,通常営業
5451,エディオン 下中野店,700-0973,岡山県,岡山市,通常営業,通常営業,通常営業,10:00-18:00,休業,通常営業,通常営業,通常営業,通常営業
5461,エディオン 知立店,472-0053,愛知県,知立市,通常営業,通常営業,通常営業,10:00-18:00,休業,10:00-19:00,10:00-19:00,通常営業,通常営業
5471,エディオン 岩国店,740-0018,山口県,岩国市,通常営業,通常営業,通常営業,10:00-18:00,休業,通常営業,通常営業,通常営業,通常営業
5481,エディオン 松本なぎさ店,390-0841,長野県,松本市,通常営業,通常営業,通常営業,10:00-18:00,10:00-18:00,10:00-19:00,10:00-19:00,通常営業,通常営業
5511,エディオン 周南本店,746-0001,山口県,周南市,通常営業,通常営業,通常営業,10:00-18:00,休業,通常営業,通常営業,通常営業,通常営業
5521,エディオン 大山シティ店,901-2223,沖縄県,宜野湾市,通常営業,通常営業,通常営業,通常営業,通常営業,通常営業,通常営業,通常営業,通常営業
5531,楽天モバイル 大森駅前店,143-0016,東京都,大田区,通常営業,通常営業,通常営業,10:00-18:00,休業,通常営業,通常営業,通常営業,通常営業
5541,楽天モバイル イオンモール多摩平の森店,191-0062,東京都,日野市,通常営業,通常営業,通常営業,10:00-20:00,09:00-21:00,通常営業,通常営業,通常営業,通常営業
5551,楽天モバイル イオンモール茨木店,567-0033,大阪府,茨木市,通常営業,通常営業,通常営業,通常営業,09:00-21:00,通常営業,通常営業,通常営業,通常営業
5561,楽天モバイル レイクタウンmori店,343-0828,埼玉県,越谷市,通常営業,通常営業,通常営業,10:00-20:00,08:00-20:00,09:00-21:00,09:00-21:00,通常営業,通常営業
5571,楽天モバイル 津田沼店,275-0016,千葉県,習志野市,通常営業,通常営業,通常営業,10:00-18:00,休業,休業,休業,通常営業,通常営業
5581,楽天モバイル ゆめタウン佐賀店,849-0919,佐賀県,佐賀市,通常営業,通常営業,通常営業,10:00-18:00,休業,通常営業,通常営業,通常営業,通常営業
5641,楽天モバイル 北千住店,120-0034,東京都,足立区,通常営業,通常営業,通常営業,10:00-18:00,休業,10:00-18:00,10:00-18:00,通常営業,通常営業
5671,楽天モバイル 京橋店,534-0025,大阪府,大阪市,通常営業,通常営業,通常営業,10:00-17:00,休業,休業,通常営業,通常営業,通常営業
5691,楽天モバイル 新小岩ルミエール店,124-0024,東京都,葛飾区,通常営業,通常営業,通常営業,10:00-17:00,休業,10:00-17:00,通常営業,通常営業,通常営業
5701,ケーズデンキ クロスモール富田林店,584-0058,大阪府,富田林市,通常営業,通常営業,通常営業,10:00-19:00,休業,10:00-19:00,10:00-19:00,通常営業,通常営業
5721,楽天モバイル イオンモール宮崎店,880-0834,宮崎県,宮崎市,通常営業,通常営業,通常営業,10:00-20:00,09:00-22:00,通常営業,通常営業,通常営業,通常営業
5731,楽天モバイル イオンモール神戸北店,651-1515,兵庫県,神戸市,通常営業,通常営業,通常営業,10:00-19:30,09:00-20:00,09:00-20:00,09:00-20:00,通常営業,通常営業
5751,楽天モバイル イオンモール堺鉄砲町店,590-0905,大阪府,堺市,通常営業,通常営業,通常営業,10:00-20:00,09:00-21:00,通常営業,通常営業,通常営業,通常営業
5761,楽天モバイル イオンモール京都五条店,615-0035,京都府,京都市,通常営業,通常営業,通常営業,10:00-20:00,09:00-21:00,通常営業,通常営業,通常営業,通常営業
5771,ビックカメラ 横浜西口店,220-0005,神奈川県,横浜市,通常営業,通常営業,通常営業,10:00-19:00,10:00-19:00,10:00-20:00,10:00-20:00,通常営業,通常営業
5781,ビックカメラ 柏店,277-0005,千葉県,柏市,通常営業,通常営業,通常営業,10:00-19:00,10:00-19:00,10:00-20:00,10:00-20:00,通常営業,通常営業
5801,楽天モバイル 横浜ジョイナス店,220-0005,神奈川県,横浜市,通常営業,通常営業,通常営業,10:00-19:00,休業,通常営業,10:00-20:00,通常営業,通常営業
5821,楽天モバイル ポールタウン札幌店,060-0063,北海道,札幌市,通常営業,通常営業,通常営業,10:00-16:00,休業,10:00-18:00,10:00-18:00,通常営業,通常営業
5831,LABI1 LIFE SELECT 池袋,170-0013,東京都,豊島区,通常営業,通常営業,通常営業,10:00-19:00,休業,通常営業,通常営業,通常営業,通常営業
5841,LABI1 LIFE SELECT 高崎,370-0841,群馬県,高崎市,通常営業,通常営業,通常営業,10:00-19:00,休業,10:00-20:00,通常営業,通常営業,通常営業
5851,LABI LIFE SELECT 品川大井町,140-0011,東京都,品川区,通常営業,通常営業,通常営業,10:00-19:00,休業,10:00-20:00,通常営業,通常営業,通常営業
5861,ヤマダデンキ LABI上大岡,233-0002,神奈川県,横浜市,通常営業,通常営業,通常営業,10:00-19:00,休業,通常営業,通常営業,通常営業,通常営業
5881,楽天モバイル 宇都宮インターパークビレッジ店,321-0118,栃木県,宇都宮市,通常営業,通常営業,通常営業,通常営業,通常営業,通常営業,通常営業,通常営業,通常営業
5901,楽天モバイル なんばウォーク店,542-0074,大阪府,大阪市,通常営業,通常営業,通常営業,10:00-18:00,休業,11:00-20:00,通常営業,通常営業,通常営業
5911,楽天モバイル イオンモールむさし村山店,208-0022,東京都,武蔵村山市,通常営業,通常営業,通常営業,10:00-20:00,09:00-21:00,通常営業,通常営業,通常営業,通常営業
5931,ケーズデンキ 湘南藤沢店,252-0822,神奈川県,藤沢市,通常営業,通常営業,通常営業,10:00-19:00,休業,10:00-19:00,10:00-19:00,通常営業,通常営業
5941,楽天モバイル アリオ八尾店,581-0803,大阪府,八尾市,通常営業,通常営業,通常営業,10:00-20:00,09:00-21:00,通常営業,通常営業,通常営業,通常営業
5971,楽天モバイル 十三駅前路面店,532-0024,大阪府,大阪市,通常営業,通常営業,通常営業,10:00-18:00,休業,通常営業,通常営業,通常営業,通常営業
5981,楽天モバイル イオンモールナゴヤドーム前店,461-0048,愛知県,名古屋市,通常営業,通常営業,通常営業,10:00-20:00,08:00-20:00,09:00-21:00,通常営業,通常営業,通常営業
6011,楽天モバイル イオンモール福津店,811-3209,福岡県,福津市,通常営業,通常営業,通常営業,10:00-20:00,09:00-21:00,通常営業,通常営業,通常営業,通常営業
6021,楽天モバイル イオンモール春日部店,344-0122,埼玉県,春日部市,通常営業,通常営業,通常営業,10:00-20:00,09:00-21:00,通常営業,通常営業,通常営業,通常営業
6031,楽天モバイル イオンモールつくば店,305-0071,茨城県,つくば市,通常営業,通常営業,通常営業,10:00-20:00,09:00-21:00,通常営業,通常営業,通常営業,通常営業
6051,ビックカメラ 新横浜店,222-0033,神奈川県,横浜市,通常営業,通常営業,通常営業,10:00-19:00,10:00-19:00,10:00-20:00,10:00-20:00,通常営業,通常営業
6061,楽天モバイル イーアス高尾店,193-0834,東京都,八王子市,通常営業,通常営業,通常営業,10:00-19:00,通常営業,通常営業,通常営業,通常営業,通常営業
6071,ビックカメラ 渋谷東口店,150-0002,東京都,渋谷区,通常営業,通常営業,通常営業,10:00-19:00,10:00-19:00,10:00-20:00,10:00-20:00,通常営業,通常営業
6111,コジマ×ビックカメラ 函館店,041-0813,北海道,函館市,通常営業,通常営業,通常営業,10:00-19:00,10:00-19:00,10:00-19:00,10:00-19:00,通常営業,通常営業
6141,楽天モバイル 下北沢店,155-0031,東京都,世田谷区,通常営業,通常営業,通常営業,10:00-18:00,休業,通常営業,通常営業,通常営業,通常営業
6151,楽天モバイル イオンモール名取店,981-1294,宮城県,名取市,通常営業,通常営業,通常営業,10:00-19:00,08:00-21:00,09:00-21:00,09:00-21:00,通常営業,通常営業
6161,楽天モバイル 川崎ゼロゲート店,210-0023,神奈川県,川崎市,通常営業,通常営業,通常営業,10:00-18:00,休業,通常営業,通常営業,通常営業,通常営業
6171,楽天モバイル イオンモール筑紫野店,818-0042,福岡県,筑紫野市,通常営業,通常営業,通常営業,10:00-20:00,09:30-21:00,通常営業,通常営業,通常営業,通常営業
6181,ビックカメラ あべのキューズモール店,545-0052,大阪府,大阪市,通常営業,通常営業,通常営業,10:00-20:00,休業,通常営業,通常営業,通常営業,通常営業
6201,ケーズデンキ カナートモール和泉府中店,595-0021,大阪府,泉大津市,通常営業,通常営業,通常営業,10:00-19:00,10:00-18:00,10:00-19:00,10:00-19:00,通常営業,通常営業
6211,楽天モバイル パークプレイス大分店,870-0174,大分県,大分市,通常営業,通常営業,通常営業,10:00-17:00,休業,10:00-18:00,10:00-18:00,通常営業,通常営業
6221,楽天モバイル イオンモール東浦店,470-2102,愛知県,東浦町,通常営業,通常営業,通常営業,10:00-20:00,09:00-21:00,通常営業,通常営業,通常営業,通常営業
6231,楽天モバイル 池袋東口店,171-0022,東京都,豊島区,通常営業,通常営業,通常営業,10:00-18:00,休業,通常営業,通常営業,通常営業,通常営業
6251,コジマ×ビックカメラ イオン西岡店,062-0033,北海道,札幌市,通常営業,通常営業,通常営業,通常営業,通常営業,通常営業,通常営業,通常営業,通常営業
6291,ビックカメラ 京王調布店,182-0026,東京都,調布市,通常営業,通常営業,通常営業,10:00-19:00,休業,通常営業,通常営業,通常営業,通常営業
6301,コジマ×ビックカメラ 広島インター緑井店,731-0103,広島県,広島市,通常営業,通常営業,10:00-19:00,10:00-19:00,10:00-19:00,10:00-19:00,10:00-19:00,10:00-19:00,10:00-19:00
6311,ヤマダデンキ LABI LIFE SELECT 自由が丘,152-0034,東京都,目黒区,通常営業,通常営業,通常営業,10:00-19:00,休業,通常営業,通常営業,通常営業,通常営業
6321,エディオン イオンモール橿原店,634-0837,奈良県,橿原市,通常営業,通常営業,通常営業,通常営業,通常営業,通常営業,通常営業,通常営業,通常営業
6331,ヤマダデンキ LABI名古屋,450-0002,愛知県,名古屋市,通常営業,通常営業,通常営業,10:00-19:00,休業,通常営業,通常営業,通常営業,通常営業
6341,楽天モバイル イオンモール和歌山店,640-8451,和歌山県,和歌山市,通常営業,通常営業,通常営業,10:00-20:00,通常営業,通常営業,通常営業,通常営業,通常営業
6351,楽天モバイル ならファミリー店,631-0821,奈良県,奈良市,通常営業,通常営業,通常営業,10:00-18:00,休業,通常営業,通常営業,通常営業,通常営業
6361,ビックカメラ 新宿東口駅前店,160-0022,東京都,新宿区,通常営業,通常営業,通常営業,10:00-19:00,10:00-20:00,11:00-21:00,11:00-21:00,通常営業,通常営業
6371,ビックカメラ 新宿西口店,160-0023,東京都,新宿区,通常営業,通常営業,通常営業,10:00-19:00,10:00-19:00,10:00-20:00,10:00-20:00,通常営業,通常営業
6381,ビックカメラ 高崎東口店,370-0841,群馬県,高崎市,通常営業,通常営業,通常営業,10:00-19:00,10:00-19:00,通常営業,通常営業,通常営業,通常営業
6391,ビックカメラ 名古屋JRゲートタワー店,450-6610,愛知県,名古屋市,通常営業,通常営業,通常営業,10:00-18:00,10:00-19:00,09:30-21:00,通常営業,通常営業,通常営業
6401,ビックカメラ 立川店,190-0012,東京都,立川市,通常営業,通常営業,通常営業,10:00-19:00,10:00-19:00,10:00-20:00,10:00-20:00,通常営業,通常営業
6451,ビックカメラ 赤坂見附駅店,107-0052,東京都,港区,通常営業,通常営業,通常営業,10:00-19:00,10:00-19:00,10:00-20:00,10:00-20:00,通常営業,通常営業
6461,楽天モバイル イオンモール草津店,525-0067,滋賀県,草津市,通常営業,通常営業,通常営業,10:00-20:00,09:00-21:00,通常営業,通常営業,通常営業,通常営業
6471,楽天モバイル ららぽーと和泉店,594-1157,大阪府,和泉市,10:00-21:00,10:00-21:00,通常営業,10:00-19:00,通常営業,10:00-21:00,10:00-21:00,10:00-21:00,10:00-21:00
6491,エディオン なんば本店,542-0076,大阪府,大阪市,通常営業,通常営業,通常営業,10:00-18:00,10:00-19:00,10:00-20:00,通常営業,通常営業,通常営業
6501,楽天モバイル イオンモール久御山店,613-0024,京都府,久世郡,通常営業,通常営業,通常営業,10:00-20:00,09:00-20:00,通常営業,通常営業,通常営業,通常営業
6511,楽天モバイル イオンモール幕張新都心店,261-8535,千葉県,千葉市,通常営業,通常営業,通常営業,10:00-20:00,09:00-21:00,通常営業,通常営業,通常営業,通常営業
6531,楽天モバイル セブンパークアリオ柏店,277-0922,千葉県,柏市,通常営業,通常営業,通常営業,10:00-20:00,10:00-20:00,通常営業,通常営業,通常営業,通常営業
6541,楽天モバイル イオンモール大阪ドームシティ店,550-0023,大阪府,大阪市,通常営業,通常営業,通常営業,通常営業,通常営業,通常営業,通常営業,通常営業,通常営業
6551,ジョーシン 高槻店,569-1144,大阪府,高槻市,通常営業,通常営業,通常営業,10:00-18:30,休業,10:00-19:00,10:00-19:00,通常営業,通常営業
6561,ケーズデンキ 熊本中央店,862-0971,熊本県,熊本市,通常営業,通常営業,通常営業,10:00-19:00,休業,10:00-19:00,10:00-19:00,通常営業,通常営業
6581,楽天モバイル イオンモール大垣店,503-0933,岐阜県,大垣市,通常営業,通常営業,通常営業,10:00-20:00,09:00-21:00,通常営業,通常営業,通常営業,通常営業
6591,楽天モバイル イオンモール鶴見緑地店,538-0053,大阪府,大阪市,通常営業,通常営業,通常営業,10:00-20:00,09:00-21:00,通常営業,通常営業,通常営業,通常営業
6601,楽天モバイル イオンモール東員店,511-0255,三重県,員弁郡,通常営業,通常営業,通常営業,10:00-20:00,09:00-21:00,通常営業,通常営業,通常営業,通常営業
6611,楽天モバイル イオンモール高岡店,933-0813,富山県,高岡市,通常営業,通常営業,通常営業,10:00-20:00,09:00-21:00,通常営業,通常営業,通常営業,通常営業
6621,ビックカメラ 水戸駅店,310-0015,茨城県,水戸市,通常営業,通常営業,通常営業,10:00-19:00,10:00-18:00,10:00-20:00,通常営業,通常営業,通常営業
6641,ヤマダデンキ LABI渋谷,150-0043,東京都,渋谷区,通常営業,通常営業,通常営業,10:00-19:00,休業,10:00-21:00,10:00-21:00,通常営業,通常営業
6661,ヤマダデンキ LABI LIFE SELECT 千里,560-0082,大阪府,豊中市,通常営業,通常営業,通常営業,10:00-20:00,休業,10:00-21:00,通常営業,通常営業,通常営業
6671,楽天モバイル ゆめタウン光の森店,869-1108,熊本県,菊池郡,通常営業,通常営業,通常営業,通常営業,09:00-20:00,通常営業,通常営業,通常営業,通常営業
6681,楽天モバイル 沖縄パルコシティ店,901-2123,沖縄県,浦添市,通常営業,通常営業,通常営業,10:00-19:00,10:00-19:00,通常営業,通常営業,通常営業,通常営業
6701,ヤマダデンキ LABI東京八重洲,103-0028,東京都,中央区,通常営業,通常営業,通常営業,10:00-19:00,休業,通常営業,通常営業,通常営業,通常営業
6711,ヤマダデンキ テックランド横浜本店,233-0016,神奈川県,横浜市,通常営業,通常営業,通常営業,10:00-19:00,休業,10:00-20:00,通常営業,通常営業,通常営業
6731,ビックカメラ 天神1号館,810-0021,福岡県,福岡市,通常営業,通常営業,通常営業,10:00-19:00,10:00-19:00,10:00-20:00,10:00-20:00,通常営業,通常営業
6741,ケーズデンキ 郡山本店,963-8022,福島県,郡山市,通常営業,通常営業,通常営業,10:00-16:00,休業,通常営業,通常営業,通常営業,通常営業
6781,テックランド長崎本店,852-8031,長崎県,長崎市,通常営業,通常営業,通常営業,10:00-19:00,休業,通常営業,通常営業,通常営業,通常営業
6791,楽天モバイル 仙台一番町店,980-0811,宮城県,仙台市,通常営業,通常営業,通常営業,10:00-18:00,休業,通常営業,通常営業,通常営業,通常営業
6801,コジマ×ビックカメラ 相模原店,252-0234,神奈川県,相模原市,通常営業,通常営業,10:00-19:00,10:00-19:00,10:00-19:00,10:00-19:00,10:00-19:00,10:00-19:00,10:00-19:00
6821,コジマ×ビックカメラ 横須賀店,238-0006,神奈川県,横須賀市,通常営業,通常営業,10:00-19:00,10:00-19:00,10:00-19:00,10:00-19:00,10:00-19:00,10:00-19:00,10:00-19:00
6841,楽天モバイル イオンモール土浦店,300-0811,茨城県,土浦市,通常営業,通常営業,通常営業,通常営業,通常営業,通常営業,通常営業,通常営業,通常営業
6851,楽天モバイル ららぽーと甲子園店,663-8178,兵庫県,西宮市,通常営業,通常営業,通常営業,10:00-19:00,10:00-20:00,通常営業,通常営業,通常営業,通常営業
6871,楽天モバイル イオンモール伊丹昆陽店,664-0027,兵庫県,伊丹市,通常営業,通常営業,通常営業,10:00-20:00,09:00-21:00,通常営業,通常営業,通常営業,通常営業
6881,楽天モバイル イオンモール盛岡南店,020-0866,岩手県,盛岡市,通常営業,通常営業,通常営業,10:00-20:00,08:00-21:00,通常営業,通常営業,通常営業,通常営業
6891,楽天モバイル イオンモールいわき小名浜店,971-8555,福島県,いわき市,通常営業,通常営業,通常営業,10:00-19:00,07:00-20:00,通常営業,通常営業,通常営業,通常営業
6901,楽天モバイル シーモール下関店,750-0025,山口県,下関市,通常営業,通常営業,通常営業,10:00-18:00,休業,通常営業,通常営業,通常営業,通常営業
6921,ヤマダデンキ LABI津田沼,275-0026,千葉県,習志野市,通常営業,通常営業,通常営業,10:00-19:00,休業,通常営業,通常営業,通常営業,通常営業
6931,ヤマダデンキ LABI広島,730-0021,広島県,広島市,通常営業,通常営業,通常営業,10:00-19:00,休業,通常営業,通常営業,通常営業,通常営業
6941,ヤマダデンキ LABI LIFE SELECT 立川,190-0012,東京都,立川市,休業,通常営業,通常営業,通常営業,休業,通常営業,通常営業,通常営業,休業
6951,楽天モバイル ユニモちはら台店,290-0143,千葉県,市原市,通常営業,通常営業,通常営業,通常営業,通常営業,通常営業,通常営業,通常営業,通常営業
6971,楽天モバイル ゆめタウン出雲店,693-0063,島根県,出雲市,通常営業,通常営業,通常営業,10:00-18:00,10:00-18:00,通常営業,通常営業,通常営業,通常営業
6981,楽天モバイル 広島本通り店,730-0035,広島県,広島市,通常営業,通常営業,通常営業,10:00-18:00,休業,通常営業,通常営業,通常営業,通常営業
6991,楽天モバイル 五反田駅前店,141-0022,東京都,品川区,通常営業,通常営業,通常営業,11:00-18:00,休業,通常営業,通常営業,通常営業,通常営業
7001,楽天モバイル イオンモール新瑞橋店,457-0012,愛知県,名古屋市,通常営業,通常営業,通常営業,10:00-20:00,09:00-21:00,通常営業,通常営業,通常営業,通常営業
7011,ビックカメラ イトーヨーカドーたまプラーザ店,225-0002,神奈川県,横浜市,通常営業,通常営業,通常営業,10:00-19:00,10:00-19:00,10:00-20:00,10:00-20:00,通常営業,通常営業
7021,ヤマダデンキ LABI吉祥寺,180-0003,東京都,武蔵野市,通常営業,通常営業,通常営業,10:00-19:00,休業,通常営業,通常営業,通常営業,通常営業
7041,楽天モバイル 神戸ハーバーランドumie店,650-0044,兵庫県,神戸市,通常営業,通常営業,通常営業,10:00-19:00,09:00-20:00,通常営業,通常営業,通常営業,通常営業
7051,楽天モバイル アドバンスモール松阪店,515-0055,三重県,松阪市,通常営業,通常営業,通常営業,休業,休業,通常営業,通常営業,通常営業,通常営業
7061,楽天モバイル サクラマチ熊本店,860-0805,熊本県,熊本市,通常営業,通常営業,通常営業,09:30-19:00,09:30-19:00,通常営業,通常営業,通常営業,通常営業
7071,ケーズデンキ インターヴィレッジ大曲店,061-1278,北海道,北広島市,通常営業,通常営業,通常営業,10:00-19:00,休業,通常営業,通常営業,通常営業,通常営業
7091,エディオン イオンタウン弥富店,498-0014,愛知県,弥富市,通常営業,通常営業,通常営業,10:00-18:00,10:00-18:00,10:00-19:00,10:00-19:00,通常営業,通常営業
7101,エディオン 新鳥取本店,680-0913,鳥取県,鳥取市,通常営業,通常営業,通常営業,10:00-18:00,10:00-18:00,通常営業,通常営業,通常営業,通常営業
7111,ビックカメラ 新宿東口店,160-0022,東京都,新宿区,通常営業,通常営業,通常営業,10:00-19:00,10:00-20:00,10:00-21:00,10:00-21:00,通常営業,通常営業
7121,エディオン 為又シティ店,905-0005,沖縄県,名護市,通常営業,通常営業,通常営業,通常営業,通常営業,通常営業,通常営業,通常営業,通常営業
7131,エディオン 諫早店,854-0036,長崎県,諫早市,通常営業,通常営業,通常営業,10:00-18:00,休業,通常営業,通常営業,通常営業,通常営業
7141,楽天モバイル 三軒茶屋店,154-0024,東京都,世田谷区,通常営業,通常営業,通常営業,休業,休業,10:00-17:00,10:00-17:00,通常営業,10:00-17:30
7151,楽天モバイル フェアモール福井大和田店,910-0836,福井県,福井市,通常営業,通常営業,通常営業,通常営業,通常営業,通常営業,通常営業,通常営業,通常営業
7161,楽天モバイル アクロスモール新鎌ヶ谷店,273-0107,千葉県,鎌ヶ谷市,通常営業,通常営業,通常営業,10:00-20:00,休業,10:00-19:00,10:00-19:00,通常営業,通常営業
7181,楽天モバイル イオンモール木曽川店,493-0001,愛知県,一宮市,通常営業,通常営業,09:00-21:00,09:00-20:00,09:00-20:00,通常営業,通常営業,通常営業,通常営業
7211,楽天モバイル アリオ北砂店,136-0073,東京都,江東区,通常営業,通常営業,通常営業,通常営業,通常営業,通常営業,通常営業,通常営業,通常営業
7221,楽天モバイル イオンモール浜松志都呂店,432-8069,静岡県,浜松市,通常営業,通常営業,通常営業,10:00-20:00,09:00-21:00,通常営業,通常営業,通常営業,通常営業
7231,楽天モバイル 八王子店,192-0084,東京都,八王子市,通常営業,通常営業,通常営業,通常営業,通常営業,通常営業,通常営業,通常営業,通常営業
7241,ヤマダデンキ テックランド平和台駅前店,179-0081,東京都,練馬区,通常営業,休業,通常営業,通常営業,休業,通常営業,通常営業,通常営業,休業
7261,楽天モバイル 川口店,332-0017,埼玉県,川口市,通常営業,通常営業,通常営業,通常営業,通常営業,通常営業,通常営業,通常営業,通常営業
7271,楽天モバイル ららぽーと沼津店,410-8541,静岡県,沼津市,通常営業,通常営業,通常営業,10:00-19:00,通常営業,通常営業,通常営業,通常営業,通常営業
7281,楽天モバイル 高槻センター街店,569-0803,大阪府,高槻市,通常営業,通常営業,通常営業,10:00-18:00,休業,10:00-18:00,通常営業,通常営業,通常営業
7301,楽天モバイル 溝の口店,213-0001,神奈川県,川崎市,通常営業,通常営業,通常営業,10:00-18:00,休業,通常営業,通常営業,通常営業,通常営業
7311,楽天モバイル イオンモール姫路大津店,671-1146,兵庫県,姫路市,通常営業,通常営業,通常営業,通常営業,09:00-21:00,通常営業,通常営業,通常営業,通常営業
7321,楽天モバイル ファボーレ店,939-2716,富山県,富山市,通常営業,09:00-21:00,09:00-21:00,09:00-20:00,09:00-21:00,通常営業,通常営業,通常営業,通常営業
7331,楽天モバイル テラスモール松戸店,270-0023,千葉県,松戸市,通常営業,通常営業,通常営業,10:00-19:00,09:00-20:00,通常営業,通常営業,通常営業,通常営業
7341,楽天モバイル ららぽーと立川立飛店,190-0015,東京都,立川市,通常営業,通常営業,通常営業,10:00-19:00,通常営業,通常営業,通常営業,通常営業,通常営業
7351,ビックカメラ 所沢駅店,359-1123,埼玉県,所沢市,通常営業,通常営業,通常営業,10:00-19:00,10:00-19:00,通常営業,通常営業,通常営業,通常営業
7361,楽天モバイル ららぽーとEXPOCITY店,565-0826,大阪府,吹田市,通常営業,通常営業,通常営業,10:00-19:00,10:00-21:00,10:00-21:00,10:00-21:00,10:00-21:00,10:00-21:00
7371,楽天モバイル 稲毛店,263-0043,千葉県,千葉市,通常営業,通常営業,通常営業,10:00-18:00,休業,通常営業,通常営業,通常営業,通常営業
7381,楽天モバイル 長崎浜町店,850-0851,長崎県,長崎市,通常営業,通常営業,通常営業,10:00-17:00,休業,休業,通常営業,通常営業,通常営業
7391,楽天モバイル ベイシア佐倉店,285-0819,千葉県,佐倉市,通常営業,通常営業,通常営業,通常営業,休業,10:00-18:00,10:00-18:00,通常営業,通常営業
7401,楽天モバイル アリオ西新井店,123-0843,東京都,足立区,通常営業,通常営業,通常営業,通常営業,09:00-21:00,通常営業,通常営業,通常営業,通常営業
7421,ビックカメラ 有楽町店,100-0006,東京都,千代田区,通常営業,通常営業,通常営業,10:00-19:00,10:00-19:00,10:00-20:00,10:00-20:00,通常営業,通常営業
7431,楽天モバイル mozoワンダーシティ店,452-0817,愛知県,名古屋市,通常営業,通常営業,通常営業,10:00-20:00,09:00-21:00,通常営業,通常営業,通常営業,通常営業
7441,楽天モバイル 川越クレアモール店,350-1122,埼玉県,川越市,通常営業,通常営業,通常営業,10:00-18:00,休業,通常営業,通常営業,通常営業,通常営業
7491,ビックカメラ 池袋本店,170-0013,東京都,豊島区,通常営業,通常営業,通常営業,10:00-19:00,10:00-19:00,10:00-20:00,10:00-20:00,通常営業,通常営業
7501,ビックカメラ JR八王子駅店,192-0083,東京都,八王子市,通常営業,通常営業,通常営業,10:00-19:00,10:00-19:00,10:00-20:00,10:00-20:00,通常営業,通常営業
7511,楽天モバイル 京都四条通店,600-8006,京都府,京都市,通常営業,通常営業,通常営業,10:00-18:00,休業,通常営業,通常営業,通常営業,通常営業
7521,楽天モバイル ニッケコルトンプラザ市川店,272-0015,千葉県,市川市,通常営業,通常営業,通常営業,10:00-19:00,10:00-21:00,10:00-21:00,10:00-21:00,通常営業,通常営業
7531,楽天モバイル ララガーデン春日部店,344-0064,埼玉県,春日部市,通常営業,通常営業,通常営業,10:00-19:00,通常営業,通常営業,通常営業,通常営業,通常営業
7541,楽天モバイル 草加マルイ店,340-0015,埼玉県,草加市,通常営業,通常営業,通常営業,10:30-18:30,休業,休業,休業,通常営業,通常営業
7551,楽天モバイル 有明ガーデン店,135-0063,東京都,江東区,通常営業,通常営業,通常営業,10:00-19:00,10:00-19:00,10:00-19:00,10:00-19:00,通常営業,通常営業
7561,ケーズデンキ BRANCH博多店,812-0044,福岡県,福岡市,通常営業,通常営業,通常営業,10:00-19:00,休業,10:00-19:00,10:00-19:00,通常営業,通常営業
7571,YAMADA 池袋2号館,170-0013,東京都,豊島区,通常営業,通常営業,通常営業,10:00-19:00,休業,通常営業,通常営業,通常営業,通常営業
7581,楽天モバイル 福岡天神西通り店,810-0001,福岡県,福岡市,通常営業,通常営業,通常営業,10:00-18:00,休業,通常営業,通常営業,通常営業,通常営業
7641,せいでん さんちか店,650-0021,兵庫県,神戸市,通常営業,通常営業,通常営業,10:00-17:00,休業,通常営業,通常営業,通常営業,通常営業
7651,LABI仙台,980-0021,宮城県,仙台市,通常営業,通常営業,通常営業,10:00-19:00,休業,08:00-19:00,10:00-20:00,10:00-20:00,通常営業
7661,ヤマダデンキ LABI新宿西口館,163-0023,東京都,新宿区,通常営業,通常営業,通常営業,10:00-19:00,休業,通常営業,通常営業,通常営業,通常営業
7671,Tecc LIFE SELECT 港北センター店,224-0003,神奈川県,横浜市,通常営業,通常営業,通常営業,10:00-19:00,休業,通常営業,通常営業,通常営業,通常営業
7681,家電住まいる館YAMADA幕張店,262-0032,千葉県,千葉市,通常営業,通常営業,通常営業,10:00-19:00,休業,通常営業,通常営業,通常営業,通常営業
7691,テックランド横浜泉店,245-0018,神奈川県,横浜市,通常営業,通常営業,通常営業,10:00-19:00,休業,10:00-20:00,通常営業,通常営業,通常営業
7701,楽天モバイル ららぽーと愛知東郷店,470-0186,愛知県,愛知郡,10:00-21:00,10:00-21:00,10:00-21:00,10:00-19:00,通常営業,10:00-21:00,10:00-21:00,10:00-21:00,10:00-21:00
7711,ヨドバシカメラ マルチメディア名古屋松坂屋店,460-8430,愛知県,名古屋市,通常営業,通常営業,通常営業,10:00-20:00,休業,09:00-09:00,通常営業,通常営業,通常営業
7712,ヨドバシカメラ マルチメディア京急上大岡店,233-0002,神奈川県,横浜市,通常営業,通常営業,通常営業,10:00-20:00,休業,09:00-21:00,通常営業,通常営業,通常営業
7714,ヨドバシカメラ マルチメディアさいたま新都心駅前店,330-0843,埼玉県,さいたま市,通常営業,通常営業,通常営業,09:30-21:00,08:00-20:00,09:30-21:00,通常営業,通常営業,通常営業
7715,ヨドバシカメラ マルチメディア錦糸町店,130-8580,東京都,墨田区,通常営業,通常営業,通常営業,09:30-20:00,08:00-21:00,09:30-21:00,09:30-21:00,通常営業,通常営業
7718,コジマ×ビックカメラ 足立加平店,121-0055,東京都,足立区,通常営業,通常営業,10:00-19:00,10:00-19:00,10:00-19:00,10:00-19:00,10:00-19:00,10:00-19:00,10:00-19:00
7719,楽天モバイル させぼ5番街店,857-0855,長崎県,佐世保市,通常営業,通常営業,通常営業,10:00-17:00,10:00-17:00,通常営業,通常営業,通常営業,通常営業
7721,エディオン イオン原店,816-0864,福岡県,福岡市,通常営業,通常営業,通常営業,10:00-18:00,通常営業,通常営業,通常営業,通常営業,通常営業
7722,エディオン イオンタウン岡崎美合店,444-0802,愛知県,岡崎市,通常営業,通常営業,通常営業,10:00-18:00,10:00-18:00,通常営業,通常営業,通常営業,通常営業
7723,楽天モバイル 光が丘IMA店,179-0072,東京都,練馬区,通常営業,通常営業,通常営業,10:00-19:00,休業,10:00-20:00,10:00-20:00,通常営業,通常営業
7724,ヨドバシカメラ マルチメディア郡山店,963-8002,福島県,郡山市,通常営業,通常営業,通常営業,09:30-20:00,08:00-20:00,09:30-21:00,09:30-21:00,通常営業,通常営業
7727,ヨドバシカメラ 八王子店,192-0082,東京都,八王子市,通常営業,通常営業,通常営業,09:30-20:00,08:00-20:00,09:30-21:00,09:30-21:00,通常営業,通常営業
7729,楽天モバイル ビバモール寝屋川店,572-0855,大阪府,寝屋川市,通常営業,通常営業,通常営業,10:00-18:00,休業,10:00-18:00,10:00-18:00,通常営業,通常営業
7730,エディオン イズミヤ長岡店,617-0826,京都府,長岡京市,通常営業,通常営業,通常営業,通常営業,10:00-18:00,通常営業,通常営業,通常営業,通常営業
7733,ジョーシン 岸和田店,596-0826,大阪府,岸和田市,通常営業,通常営業,通常営業,10:00-18:30,休業,10:00-19:00,10:00-19:00,通常営業,通常営業
7734,楽天モバイル 横須賀中央駅前店,238-0007,神奈川県,横須賀市,通常営業,通常営業,通常営業,休業,休業,通常営業,通常営業,通常営業,通常営業
7735,ベスト電器 佐賀本店,849-0919,佐賀県,佐賀市,通常営業,通常営業,通常営業,通常営業,09:00-18:00,09:30-18:30,09:30-18:30,通常営業,通常営業
7736,ヤマダデンキ テックランド熊本本店,862-0924,熊本県,熊本市,通常営業,通常営業,通常営業,10:00-19:00,休業,通常営業,通常営業,通常営業,通常営業
7737,Tecc LIFE SELECT 熊本春日店,860-0047,熊本県,熊本市,通常営業,通常営業,通常営業,10:00-19:00,休業,通常営業,通常営業,通常営業,通常営業
7738,テックランド 鹿児島本店,890-0072,鹿児島県,鹿児島市,通常営業,通常営業,通常営業,10:00-19:00,通常営業,通常営業,通常営業,通常営業,通常営業
7739,ビックカメラ アミュプラザくまもと店,860-0047,熊本県,熊本市,通常営業,通常営業,通常営業,10:00-19:00,10:00-19:00,通常営業,通常営業,通常営業,通常営業
7741,楽天モバイル イオンモール橿原店,634-0837,奈良県,橿原市,通常営業,通常営業,通常営業,10:00-20:00,09:00-21:00,通常営業,通常営業,通常営業,通常営業
7742,楽天モバイル 港南台バーズ店,234-0054,神奈川県,横浜市,通常営業,通常営業,通常営業,10:00-18:00,休業,10:00-19:00,通常営業,通常営業,通常営業
7743,ヤマダデンキ LABI大船,247-0006,神奈川県,横浜市,通常営業,通常営業,通常営業,10:00-19:00,休業,通常営業,通常営業,通常営業,通常営業
7745,エディオン 京都四条河原町店,600-8001,京都府,京都市,通常営業,通常営業,通常営業,10:00-18:00,10:00-19:00,通常営業,通常営業,通常営業,通常営業
7746,楽天モバイル セントシティ北九州小倉店,802-0002,福岡県,北九州市,通常営業,通常営業,通常営業,10:00-18:00,休業,通常営業,通常営業,通常営業,通常営業
7747,エディオン 岸和田店,596-0076,大阪府,岸和田市,通常営業,通常営業,通常営業,10:00-18:00,10:00-18:00,10:00-18:00,通常営業,通常営業,通常営業
7748,楽天モバイル ららぽーと横浜店,224-0053,神奈川県,横浜市,10:00-21:00,10:00-21:00,10:00-21:00,10:00-19:00,10:00-20:00,10:00-21:00,10:00-21:00,10:00-21:00,10:00-21:00
7750,楽天モバイル 神戸三宮センタープラザ店,650-0021,兵庫県,神戸市,通常営業,通常営業,通常営業,10:00-18:00,休業,通常営業,通常営業,通常営業,通常営業
7751,楽天モバイル イオンモール鹿児島店,891-0115,鹿児島県,鹿児島市,通常営業,通常営業,通常営業,10:00-20:00,09:00-21:00,通常営業,通常営業,通常営業,通常営業
7752,楽天モバイル 六本木店,106-0032,東京都,港区,通常営業,通常営業,通常営業,12:00-18:00,休業,休業,休業,通常営業,通常営業
7753,ヨドバシカメラ マルチメディア甲府店,400-0031,山梨県,甲府市,通常営業,通常営業,通常営業,09:30-20:00,08:00-20:00,09:30-21:00,09:30-21:00,通常営業,通常営業
7754,楽天モバイル 上野広小路店,110-0005,東京都,台東区,通常営業,通常営業,通常営業,11:00-18:00,休業,通常営業,通常営業,通常営業,通常営業
7755,楽天モバイル イオンモール川口店,333-0834,埼玉県,川口市,通常営業,通常営業,通常営業,10:00-19:00,通常営業,通常営業,通常営業,通常営業,通常営業
7756,楽天モバイル 名古屋ユニモール店,450-0002,愛知県,名古屋市,通常営業,通常営業,通常営業,10:00-18:00,休業,通常営業,通常営業,通常営業,通常営業
7757,楽天モバイル 流山おおたかの森S・C店,270-0139,千葉県,流山市,通常営業,通常営業,通常営業,10:00-19:00,休業,通常営業,通常営業,通常営業,通常営業
7758,楽天モバイル コクーンシティ店,330-0843,埼玉県,さいたま市,通常営業,通常営業,通常営業,10:00-19:00,10:00-19:00,通常営業,通常営業,通常営業,通常営業
7761,家電住まいる館YAMADA福岡香椎店,813-0044,福岡県,福岡市,通常営業,通常営業,通常営業,10:00-19:00,休業,通常営業,通常営業,通常営業,通常営業
7764,楽天モバイル 葛西店,134-0083,東京都,江戸川区,通常営業,通常営業,通常営業,10:00-18:00,休業,通常営業,通常営業,通常営業,通常営業
7765,楽天モバイル イオンモール木更津店,292-0835,千葉県,木更津市,通常営業,通常営業,通常営業,通常営業,09:00-21:00,通常営業,通常営業,通常営業,通常営業
7766,楽天モバイル 大船店,247-0056,神奈川県,鎌倉市,通常営業,通常営業,通常営業,10:00-18:00,休業,通常営業,通常営業,通常営業,通常営業
7767,楽天モバイル ららぽーと新三郷店,341-8550,埼玉県,三郷市,通常営業,通常営業,通常営業,10:00-19:00,10:00-19:00,通常営業,通常営業,通常営業,通常営業
7768,楽天モバイル イオンモール千葉ニュータウン店,270-1350,千葉県,印西市,通常営業,通常営業,通常営業,10:00-20:00,通常営業,通常営業,通常営業,通常営業,通常営業
7769,楽天モバイル イオンモール成田店,286-0029,千葉県,成田市,通常営業,通常営業,通常営業,10:00-20:00,09:00-21:00,通常営業,通常営業,通常営業,通常営業
7770,楽天モバイル イオンモール甲府昭和店,409-3852,山梨県,中巨摩郡,通常営業,通常営業,通常営業,10:00-20:00,09:00-21:00,通常営業,通常営業,通常営業,通常営業
7771,楽天モバイル 赤羽店,115-0045,東京都,北区,通常営業,通常営業,通常営業,10:00-18:00,休業,通常営業,通常営業,通常営業,通常営業
7772,楽天モバイル ハッピーロード大山店,173-0023,東京都,板橋区,通常営業,通常営業,通常営業,10:00-18:00,休業,通常営業,通常営業,通常営業,通常営業
7773,楽天モバイル 武蔵小山店,142-0062,東京都,品川区,通常営業,通常営業,通常営業,10:00-18:00,休業,通常営業,通常営業,通常営業,通常営業
7774,楽天モバイル 昭島モリタウン店,196-0014,東京都,昭島市,通常営業,通常営業,通常営業,10:00-19:00,09:00-20:00,通常営業,通常営業,通常営業,通常営業
7776,楽天モバイル 湘南台店,252-0804,神奈川県,藤沢市,通常営業,通常営業,通常営業,10:00-18:00,休業,通常営業,通常営業,通常営業,通常営業
7778,楽天モバイル 東急プラザ戸塚店,244-0003,神奈川県,横浜市,通常営業,通常営業,通常営業,10:00-19:00,休業,10:00-19:00,10:00-19:00,通常営業,通常営業
7779,Tecc LIFE SELECT 姫路本店,670-0971,兵庫県,姫路市,通常営業,通常営業,通常営業,通常営業,休業,通常営業,通常営業,通常営業,通常営業
7780,楽天モバイル ブルメール舞多聞店,655-0052,兵庫県,神戸市,通常営業,通常営業,通常営業,10:00-20:00,10:00-20:00,10:00-20:00,10:00-20:00,通常営業,通常営業
7781,楽天モバイル イオンモール東久留米店,203-0023,東京都,東久留米市,通常営業,通常営業,通常営業,通常営業,通常営業,通常営業,通常営業,通常営業,通常営業
7787,Tecc LIFE SELECT 札幌本店,060-0001,北海道,札幌市,通常営業,通常営業,通常営業,10:00-19:00,休業,10:00-20:00,通常営業,通常営業,通常営業
7792,楽天モバイル 巣鴨店,170-0002,東京都,豊島区,通常営業,通常営業,通常営業,通常営業,休業,通常営業,通常営業,通常営業,通常営業
7793,楽天モバイル 綾瀬店,120-0005,東京都,足立区,通常営業,通常営業,通常営業,休業,休業,通常営業,通常営業,通常営業,通常営業
7796,楽天モバイル イオンモール福岡店,811-2303,福岡県,糟屋郡,通常営業,通常営業,通常営業,10:00-20:00,09:00-21:00,通常営業,通常営業,通常営業,通常営業
7797,楽天モバイル 仙川店,182-0002,東京都,調布市,通常営業,通常営業,通常営業,10:00-18:00,休業,通常営業,通常営業,通常営業,通常営業
7798,楽天モバイル イオンモール大日店,570-0016,大阪府,守口市,通常営業,通常営業,通常営業,通常営業,08:00-21:00,通常営業,通常営業,通常営業,通常営業
7799,楽天モバイル 田町店,108-0014,東京都,港区,通常営業,通常営業,通常営業,10:00-18:00,休業,通常営業,通常営業,通常営業,通常営業
7800,楽天モバイル 日暮里店,116-0013,東京都,荒川区,通常営業,通常営業,通常営業,休業,休業,10:00-17:00,10:00-17:00,通常営業,10:00-17:30
7801,楽天モバイル イオンモール上尾店,362-0034,埼玉県,上尾市,通常営業,通常営業,通常営業,10:00-20:00,09:00-21:00,通常営業,通常営業,通常営業,通常営業
7802,楽天モバイル 経堂店,156-0052,東京都,世田谷区,通常営業,通常営業,通常営業,10:00-18:00,休業,通常営業,通常営業,通常営業,通常営業
7804,楽天モバイル ゆめタウン博多店,812-0055,福岡県,福岡市,通常営業,通常営業,通常営業,10:00-20:00,09:00-20:00,通常営業,通常営業,通常営業,通常営業
7805,楽天モバイル ゆめタウン廿日市店,738-0023,広島県,廿日市市,通常営業,通常営業,通常営業,10:00-20:00,09:00-20:00,10:00-20:00,通常営業,通常営業,通常営業
7806,Tecc LIFE SELECT 神戸本店,651-0073,兵庫県,神戸市,通常営業,通常営業,通常営業,10:00-19:00,休業,通常営業,通常営業,通常営業,通常営業
7809,Tecc LIFE SELECT 木更津請西本店,292-0807,千葉県,木更津市,通常営業,通常営業,通常営業,10:00-19:00,休業,通常営業,通常営業,通常営業,通常営業
7810,ジョーシン 王子店,114-0004,東京都,北区,通常営業,通常営業,通常営業,10:00-18:30,休業,10:00-19:00,10:00-19:00,通常営業,通常営業
7811,楽天モバイル 学芸大学店,152-0004,東京都,目黒区,通常営業,通常営業,通常営業,10:00-18:00,休業,通常営業,通常営業,通常営業,通常営業
7813,楽天モバイル 本厚木店,243-0014,神奈川県,厚木市,通常営業,通常営業,通常営業,10:00-18:00,休業,通常営業,通常営業,通常営業,通常営業
7815,楽天モバイル ダイナシティ小田原店,250-0872,神奈川県,小田原市,通常営業,通常営業,通常営業,10:00-19:00,通常営業,通常営業,通常営業,通常営業,通常営業
7816,楽天モバイル イオンモール熊本店,861-3106,熊本県,上益城郡,通常営業,通常営業,通常営業,10:00-20:00,09:00-21:00,通常営業,通常営業,通常営業,通常営業
7817,楽天モバイル 武蔵浦和マーレ店,336-0022,埼玉県,さいたま市,通常営業,通常営業,通常営業,通常営業,休業,休業,休業,通常営業,通常営業
7818,YAMADA web.com 宇都宮本店,321-0954,栃木県,宇都宮市,通常営業,通常営業,通常営業,通常営業,休業,通常営業,通常営業,通常営業,通常営業
7819,YAMADA web.com 郡山本店,963-8053,福島県,郡山市,通常営業,通常営業,通常営業,10:00-19:00,休業,通常営業,通常営業,通常営業,通常営業
7820,楽天モバイル イオンモール倉敷店,710-8560,岡山県,倉敷市,通常営業,通常営業,通常営業,10:00-20:00,09:00-21:00,通常営業,通常営業,通常営業,通常営業
7821,楽天モバイル 雪が谷大塚店,145-0066,東京都,大田区,通常営業,通常営業,通常営業,10:00-18:00,休業,通常営業,通常営業,通常営業,通常営業
7822,Tecc LIFE SELECT 長野SBC通り店,381-0043,長野県,長野市,通常営業,通常営業,通常営業,通常営業,休業,通常営業,通常営業,通常営業,通常営業
7827,楽天モバイル 荻窪店,167-0051,東京都,杉並区,通常営業,通常営業,通常営業,休業,休業,通常営業,通常営業,通常営業,通常営業
7828,楽天モバイル ビバモール美原南インター店,587-0002,大阪府,堺市,通常営業,通常営業,通常営業,通常営業,休業,10:00-18:00,10:00-18:00,通常営業,通常営業
7829,楽天モバイル ゆめタウン高松店,761-8072,香川県,高松市,通常営業,通常営業,通常営業,10:00-18:00,09:00-18:00,09:30-18:00,09:30-18:00,通常営業,通常営業
7830,楽天モバイル 府中店,183-0056,東京都,府中市,通常営業,通常営業,通常営業,10:00-18:00,休業,通常営業,通常営業,通常営業,通常営業
7831,楽天モバイル イオンモール沖縄ライカム店,901-2306,沖縄県,中頭郡,通常営業,通常営業,通常営業,10:00-21:00,09:00-22:00,通常営業,通常営業,通常営業,通常営業
7832,楽天モバイル 目黒店,141-0021,東京都,品川区,通常営業,通常営業,通常営業,10:00-18:00,休業,通常営業,通常営業,通常営業,通常営業
7834,楽天モバイル 秋葉原店,101-0021,東京都,千代田区,通常営業,通常営業,通常営業,10:00-19:00,休業,通常営業,通常営業,通常営業,通常営業
7836,YAMADA web.com松山問屋町店,791-8018,愛媛県,松山市,通常営業,通常営業,通常営業,10:00-19:00,休業,通常営業,通常営業,通常営業,通常営業
7837,楽天モバイル ららぽーと名古屋みなとアクルス店,455-0018,愛知県,名古屋市,10:00-21:00,10:00-21:00,10:00-21:00,10:00-19:00,10:00-20:00,10:00-21:00,10:00-21:00,10:00-21:00,10:00-21:00
7838,楽天モバイル イオンモール新利府南館店,981-0114,宮城県,宮城郡,通常営業,通常営業,通常営業,10:00-19:00,08:00-21:00,09:00-21:00,09:00-21:00,通常営業,通常営業
7840,エディオン 小牧店,485-0046,愛知県,小牧市,通常営業,通常営業,通常営業,10:00-18:00,休業,通常営業,通常営業,通常営業,通常営業
7842,楽天モバイル 高田馬場店,169-0075,東京都,新宿区,通常営業,通常営業,通常営業,10:00-18:00,休業,通常営業,通常営業,通常営業,通常営業
7843,楽天モバイル 松戸店,271-0091,千葉県,松戸市,通常営業,通常営業,通常営業,10:00-18:00,休業,通常営業,通常営業,通常営業,通常営業
7844,テックランド菊陽店,869-1101,熊本県,菊池郡,通常営業,通常営業,通常営業,10:00-19:00,休業,通常営業,通常営業,通常営業,通常営業
7845,ケーズデンキ いわき本店,970-8036,福島県,いわき市,通常営業,通常営業,通常営業,10:00-19:00,休業,通常営業,通常営業,通常営業,通常営業
7846,楽天モバイル トレッサ横浜店,222-0002,神奈川県,横浜市,通常営業,通常営業,通常営業,10:00-17:00,通常営業,通常営業,通常営業,通常営業,通常営業
7848,コジマ×ビックカメラ イーアス春日井店,486-0842,愛知県,春日井市,通常営業,通常営業,通常営業,10:00-19:00,通常営業,通常営業,通常営業,通常営業,通常営業
7850,YAMADA web.com 長岡店,940-2106,新潟県,長岡市,通常営業,通常営業,通常営業,10:00-19:00,休業,通常営業,通常営業,通常営業,通常営業
7852,テックランドムサシ姫路店,671-1122,兵庫県,姫路市,通常営業,通常営業,通常営業,09:00-18:00,休業,09:00-18:00,09:00-18:00,通常営業,通常営業
7853,楽天モバイル アリオ加古川店,675-0124,兵庫県,加古川市,通常営業,通常営業,通常営業,通常営業,09:00-20:00,通常営業,通常営業,通常営業,通常営業
7854,楽天モバイル 国立店,186-0002,東京都,国立市,通常営業,通常営業,通常営業,10:00-18:00,休業,通常営業,通常営業,通常営業,通常営業
7855,Tecc LIFE SELECT 加古川本店,675-0115,兵庫県,加古川市,通常営業,通常営業,通常営業,通常営業,休業,10:00-19:00,10:00-19:00,通常営業,通常営業
7857,楽天モバイル コビルナ町田店,194-0013,東京都,町田市,通常営業,通常営業,通常営業,休業,休業,10:00-17:00,10:00-17:00,通常営業,10:00-17:00
7858,楽天モバイル イオンモール北戸田店,335-0032,埼玉県,戸田市,通常営業,通常営業,通常営業,10:00-20:00,09:00-21:00,通常営業,通常営業,通常営業,通常営業
7859,楽天モバイル ピオニウォーク東松山店,355-0048,埼玉県,東松山市,通常営業,通常営業,通常営業,通常営業,09:00-21:00,通常営業,通常営業,通常営業,通常営業
7860,楽天モバイル イオンモール座間店,252-0012,神奈川県,座間市,通常営業,通常営業,通常営業,10:00-20:00,09:00-20:00,通常営業,通常営業,通常営業,通常営業
7861,テックランド博多本店,812-0007,福岡県,福岡市,通常営業,通常営業,通常営業,10:00-19:00,休業,通常営業,通常営業,通常営業,通常営業
7862,Tecc LIFE SELECT 徳島本店,770-0804,徳島県,徳島市,通常営業,通常営業,通常営業,10:00-20:00,休業,通常営業,通常営業,通常営業,通常営業
7863,楽天モバイル イオンモール姫路リバーシティ店,672-8064,兵庫県,姫路市,通常営業,通常営業,通常営業,通常営業,09:00-21:00,通常営業,通常営業,通常営業,通常営業
7865,エディオン トナリエ南千里アネックス店,565-0851,大阪府,吹田市,通常営業,通常営業,通常営業,10:00-18:00,休業,通常営業,通常営業,通常営業,通常営業
7866,楽天モバイル 池袋西口店,171-0021,東京都,豊島区,通常営業,通常営業,通常営業,10:00-18:00,休業,通常営業,通常営業,通常営業,通常営業
7867,楽天モバイル 高円寺店,166-0002,東京都,杉並区,通常営業,通常営業,通常営業,10:00-18:00,休業,通常営業,休業,通常営業,通常営業
7868,楽天モバイル 新百合丘オーパ店,215-0021,神奈川県,川崎市,通常営業,通常営業,通常営業,10:00-19:00,10:00-19:00,10:00-20:00,10:00-20:00,通常営業,通常営業
7869,ジョーシン 宝塚店,665-0845,兵庫県,宝塚市,通常営業,通常営業,通常営業,10:00-18:30,休業,通常営業,通常営業,通常営業,通常営業
7870,楽天モバイル ビーンズ中山店,226-0013,神奈川県,横浜市,通常営業,通常営業,通常営業,10:00-19:00,休業,10:00-19:00,10:00-19:00,通常営業,通常営業
7871,楽天モバイル イオンモール大和郡山店,639-1101,奈良県,大和郡山市,通常営業,通常営業,通常営業,10:00-20:00,09:00-21:00,通常営業,通常営業,通常営業,通常営業
7872,楽天モバイル ゆめタウン大牟田店,836-0807,福岡県,大牟田市,通常営業,通常営業,通常営業,10:00-19:00,10:00-19:00,通常営業,通常営業,通常営業,通常営業
7873,LABI LIFE SELECT 茅ヶ崎店,253-0044,神奈川県,茅ヶ崎市,通常営業,通常営業,通常営業,10:00-19:00,休業,通常営業,通常営業,通常営業,通常営業
7902,楽天モバイル 浦安店,279-0004,千葉県,浦安市,通常営業,通常営業,通常営業,10:00-18:00,休業,通常営業,通常営業,通常営業,通常営業
7903,エディオン 日吉店,223-0051,神奈川県,横浜市,通常営業,通常営業,通常営業,10:00-18:00,休業,10:00-19:00,10:00-19:00,通常営業,通常営業
7904,楽天モバイル あびこショッピングプラザ店,270-1166,千葉県,我孫子市,通常営業,通常営業,通常営業,10:00-19:00,10:00-19:00,10:00-19:00,10:00-19:00,通常営業,通常営業
7905,楽天モバイル イオンスタイル豊田店,471-0864,愛知県,豊田市,通常営業,通常営業,通常営業,通常営業,通常営業,通常営業,通常営業,通常営業,通常営業
7906,楽天モバイル リーフウォーク稲沢店,492-8601,愛知県,稲沢市,通常営業,通常営業,通常営業,10:00-21:00,09:00-20:00,通常営業,通常営業,通常営業,通常営業
7907,楽天モバイル ディアモール大阪店,530-0001,大阪府,大阪市,通常営業,通常営業,通常営業,休業,休業,通常営業,通常営業,通常営業,通常営業
7909,楽天モバイル アリオ蘇我店,260-0835,千葉県,千葉市,通常営業,通常営業,通常営業,10:00-20:00,09:00-20:00,通常営業,通常営業,通常営業,通常営業
7910,楽天モバイル 浦和店,330-0062,埼玉県,さいたま市,通常営業,通常営業,通常営業,10:00-18:00,休業,通常営業,通常営業,通常営業,通常営業
7911,楽天モバイル テラスウォーク一宮店,491-0022,愛知県,一宮市,通常営業,通常営業,通常営業,通常営業,通常営業,通常営業,通常営業,通常営業,通常営業
7912,楽天モバイル イオン藤井寺SC店,583-0027,大阪府,藤井寺市,通常営業,通常営業,09:00-20:00,09:00-20:00,10:00-19:00,通常営業,通常営業,通常営業,通常営業
7913,楽天モバイル 駒込店,170-0003,東京都,豊島区,通常営業,通常営業,通常営業,10:00-18:00,休業,通常営業,通常営業,通常営業,通常営業
7916,Tecc LIFE SELECT 春日部本店,344-0007,埼玉県,春日部市,休業,休業,通常営業,通常営業,休業,通常営業,通常営業,通常営業,通常営業
7917,楽天モバイル エアポートウォーク名古屋店,480-0202,愛知県,西春日井郡,通常営業,通常営業,通常営業,10:00-21:00,09:00-21:00,通常営業,通常営業,通常営業,通常営業
7919,楽天モバイル 青葉台店,227-0062,神奈川県,横浜市,通常営業,通常営業,通常営業,10:00-18:00,休業,通常営業,通常営業,通常営業,通常営業
7920,エディオン ホームズ寝屋川店,572-0028,大阪府,寝屋川市,通常営業,通常営業,通常営業,10:00-19:00,11:00-20:00,通常営業,通常営業,通常営業,通常営業
7921,楽天モバイル カラフルタウン岐阜店,501-6115,岐阜県,岐阜市,通常営業,通常営業,通常営業,10:00-19:00,10:00-19:00,通常営業,通常営業,通常営業,通常営業
7922,楽天モバイル アリオ鳳店,593-8325,大阪府,堺市,通常営業,通常営業,通常営業,通常営業,09:00-20:00,通常営業,通常営業,通常営業,通常営業
7924,楽天モバイル 江坂店,564-0053,大阪府,吹田市,通常営業,通常営業,通常営業,10:00-18:00,休業,通常営業,通常営業,通常営業,通常営業
7927,楽天モバイル イオンモール浜松市野店,435-0052,静岡県,浜松市,通常営業,通常営業,通常営業,10:00-20:00,08:00-20:00,通常営業,通常営業,通常営業,通常営業
7928,楽天モバイル イオンモール名古屋茶屋店,455-0858,愛知県,名古屋市,通常営業,通常営業,通常営業,10:00-20:00,09:00-21:00,通常営業,通常営業,通常営業,通常営業
7930,楽天モバイル スマーク伊勢崎店,379-2224,群馬県,伊勢崎市,通常営業,通常営業,通常営業,10:00-20:00,10:00-20:00,10:00-20:00,通常営業,通常営業,通常営業
7931,楽天モバイル 京阪守口市駅前店,570-0038,大阪府,守口市,通常営業,通常営業,通常営業,10:00-18:00,休業,通常営業,通常営業,通常営業,通常営業
7932,楽天モバイル イトーヨーカドー武蔵境店,180-0023,東京都,武蔵野市,通常営業,通常営業,通常営業,通常営業,通常営業,通常営業,通常営業,通常営業,通常営業
7933,楽天モバイル イオンタウン守谷店,302-0110,茨城県,守谷市,通常営業,通常営業,通常営業,10:00-20:00,09:00-21:00,通常営業,通常営業,通常営業,通常営業
7934,楽天モバイル イオンモール八幡東店,805-0071,福岡県,北九州市,通常営業,通常営業,通常営業,10:00-20:00,09:00-21:00,通常営業,通常営業,通常営業,通常営業
7935,楽天モバイル ゆめタウン福山店,720-8524,広島県,福山市,通常営業,通常営業,通常営業,10:00-20:00,09:00-20:00,通常営業,通常営業,通常営業,通常営業
7936,楽天モバイル イオンモール宇城店,869-0606,熊本県,宇城市,通常営業,通常営業,通常営業,通常営業,09:00-20:00,通常営業,通常営業,通常営業,通常営業
7939,楽天モバイル イオンモール大高店,459-8016,愛知県,名古屋市,通常営業,通常営業,通常営業,10:00-20:00,09:00-21:00,通常営業,通常営業,通常営業,通常営業
7940,楽天モバイル ピエリ守山店,524-0101,滋賀県,守山市,通常営業,通常営業,通常営業,10:00-19:00,通常営業,通常営業,通常営業,通常営業,通常営業
7941,楽天モバイル ミーツ国分寺店,185-0012,東京都,国分寺市,通常営業,通常営業,通常営業,10:00-18:00,休業,10:00-19:00,通常営業,通常営業,通常営業
7942,楽天モバイル 大井町店,140-0014,東京都,品川区,通常営業,通常営業,通常営業,10:00-18:00,休業,通常営業,通常営業,通常営業,通常営業
7943,楽天モバイル イオンモール大和店,242-0001,神奈川県,大和市,通常営業,通常営業,通常営業,10:00-20:00,09:00-21:00,通常営業,通常営業,通常営業,通常営業
7944,楽天モバイル 北習志野店,274-0063,千葉県,船橋市,通常営業,通常営業,通常営業,休業,休業,通常営業,通常営業,通常営業,通常営業
7945,楽天モバイル 足利コムファースト店,326-8550,栃木県,足利市,通常営業,通常営業,通常営業,10:00-19:00,10:00-19:00,通常営業,通常営業,通常営業,通常営業
8098,楽天モバイル イオンモール日吉津店,689-3553,鳥取県,西伯郡,通常営業,通常営業,通常営業,10:00-20:00,09:00-21:00,通常営業,通常営業,通常営業,通常営業
8119,エディオン しおざきシティ店,901-0364,沖縄県,糸満市,通常営業,通常営業,通常営業,通常営業,通常営業,通常営業,通常営業,通常営業,通常営業
8120,楽天モバイル フレスポ八潮店,340-0822,埼玉県,八潮市,通常営業,通常営業,通常営業,通常営業,通常営業,通常営業,通常営業,通常営業,通常営業
8121,エディオン つかざんシティ店,901-1117,沖縄県,島尻郡,通常営業,通常営業,通常営業,通常営業,通常営業,通常営業,通常営業,通常営業,通常営業
8122,楽天モバイル ココリア多摩センター店,206-0033,東京都,多摩市,通常営業,通常営業,通常営業,10:00-19:00,休業,10:00-19:00,通常営業,通常営業,通常営業
8123,楽天モバイル 淡路島洲本インター店,656-0121,兵庫県,南あわじ市,通常営業,通常営業,通常営業,休業,休業,通常営業,通常営業,通常営業,通常営業
8124,Tecc LIFE SELECT 盛岡本店,020-0857,岩手県,盛岡市,通常営業,通常営業,通常営業,10:00-19:00,休業,10:00-20:00,通常営業,通常営業,通常営業
8125,テックランド羽曳野店,583-0861,大阪府,羽曳野市,通常営業,通常営業,通常営業,通常営業,休業,通常営業,通常営業,通常営業,通常営業
8126,楽天モバイル アリオ鷲宮店,340-0212,埼玉県,久喜市,通常営業,通常営業,通常営業,通常営業,09:00-20:00,通常営業,通常営業,通常営業,通常営業
8127,楽天モバイル 阪急西宮ガーデンズ店,663-8204,兵庫県,西宮市,通常営業,通常営業,通常営業,10:00-18:00,10:00-19:00,10:00-19:00,通常営業,通常営業,通常営業
8128,楽天モバイル アリオ上田店,386-0025,長野県,上田市,通常営業,通常営業,通常営業,通常営業,09:00-21:00,通常営業,通常営業,通常営業,通常営業
8129,楽天モバイル 京阪すみのどう店,574-0046,大阪府,大東市,通常営業,通常営業,通常営業,09:00-19:00,10:00-19:00,通常営業,通常営業,通常営業,通常営業
8130,楽天モバイル 洛北阪急スクエア店,606-8103,京都府,京都市,通常営業,通常営業,通常営業,10:00-20:00,休業,通常営業,通常営業,通常営業,通常営業
8131,楽天モバイル ラスパ西大和店,639-0218,奈良県,北葛城郡,通常営業,通常営業,通常営業,通常営業,通常営業,通常営業,通常営業,通常営業,通常営業
8132,楽天モバイル WAY書店岩出店,649-6235,和歌山県,岩出市,通常営業,通常営業,通常営業,10:00-18:00,休業,休業,通常営業,通常営業,通常営業
8133,楽天モバイル イオンモール堺北花田店,591-8008,大阪府,堺市,通常営業,通常営業,通常営業,10:00-19:30,09:00-21:00,通常営業,通常営業,通常営業,通常営業
8144,楽天モバイル トキハわさだタウン店,870-1198,大分県,大分市,通常営業,通常営業,通常営業,10:00-17:00,休業,10:00-18:00,10:00-18:00,通常営業,通常営業
8154,楽天モバイル ラザウォーク甲斐双葉店,400-0107,山梨県,甲斐市,通常営業,通常営業,通常営業,通常営業,通常営業,通常営業,通常営業,通常営業,通常営業
8165,楽天モバイル ゆめタウン徳島店,771-1202,徳島県,板野郡,通常営業,通常営業,通常営業,通常営業,09:00-20:00,09:30-20:00,09:30-20:00,通常営業,通常営業
8166,テックランドヨシヅヤ名西店,451-0064,愛知県,名古屋市,通常営業,通常営業,通常営業,10:00-20:00,休業,10:00-20:00,通常営業,通常営業,通常営業
8167,楽天モバイル イオンモール津南店,514-0817,三重県,津市,通常営業,通常営業,通常営業,10:00-20:00,09:00-09:00,通常営業,通常営業,通常営業,通常営業
8176,楽天モバイル 伏見大手筋店,612-8053,京都府,京都市,通常営業,通常営業,通常営業,10:00-18:00,休業,通常営業,通常営業,通常営業,通常営業
8178,楽天モバイル イオンタウン彦根店,522-0007,滋賀県,彦根市,通常営業,通常営業,通常営業,10:00-17:00,休業,通常営業,通常営業,通常営業,通常営業
8182,楽天モバイル アリオ深谷店,366-0052,埼玉県,深谷市,通常営業,通常営業,通常営業,通常営業,09:00-21:00,通常営業,通常営業,通常営業,通常営業
8183,楽天モバイル エルミこうのすショッピングモール店,365-0038,埼玉県,鴻巣市,通常営業,通常営業,通常営業,通常営業,休業,通常営業,通常営業,通常営業,通常営業
8190,楽天モバイル アピタ島田店,427-0016,静岡県,島田市,通常営業,通常営業,通常営業,通常営業,通常営業,通常営業,通常営業,通常営業,通常営業
8191,楽天モバイル アルプラザ城陽店,610-0111,京都府,城陽市,通常営業,通常営業,通常営業,通常営業,09:00-19:00,通常営業,通常営業,通常営業,通常営業
8202,楽天モバイル MOMOテラス店,612-8002,京都府,京都市,通常営業,通常営業,通常営業,10:00-19:00,休業,10:00-19:00,10:00-19:00,通常営業,通常営業
8203,楽天モバイル イオンモール新発田店,957-0061,新潟県,新発田市,通常営業,通常営業,通常営業,10:00-20:00,09:00-21:00,通常営業,通常営業,通常営業,通常営業
8206,ジョーシン 高石店,592-0012,大阪府,高石市,通常営業,通常営業,通常営業,10:00-17:00,休業,10:00-18:00,10:00-18:00,通常営業,通常営業
8208,楽天モバイル イオンモール佐野新都市店,327-0821,栃木県,佐野市,通常営業,通常営業,通常営業,10:00-20:00,09:00-21:00,通常営業,通常営業,通常営業,通常営業
8209,楽天モバイル みのおキューズモール店,562-0034,大阪府,箕面市,通常営業,通常営業,通常営業,通常営業,通常営業,通常営業,通常営業,通常営業,通常営業
8210,楽天モバイル イオンモール奈良登美ヶ丘店,630-0115,奈良県,生駒市,通常営業,通常営業,通常営業,通常営業,通常営業,通常営業,通常営業,通常営業,通常営業
8212,ケーズデンキ 岩槻店,339-0043,埼玉県,さいたま市,通常営業,通常営業,通常営業,10:00-18:00,休業,10:00-18:00,10:00-18:00,通常営業,通常営業
8213,楽天モバイル ララガーデン長町店,982-0011,宮城県,仙台市,通常営業,通常営業,通常営業,10:00-19:00,休業,08:00-20:00,10:00-20:00,通常営業,通常営業
8214,楽天モバイル ファッションクルーズひたちなか店,312-0005,茨城県,ひたちなか市,通常営業,通常営業,通常営業,10:00-18:00,通常営業,通常営業,通常営業,通常営業,通常営業
8215,楽天モバイル 西葛西店,134-0088,東京都,江戸川区,通常営業,通常営業,通常営業,10:00-18:00,休業,通常営業,通常営業,通常営業,通常営業
8216,テックランドNew出雲店,693-0063,島根県,出雲市,通常営業,通常営業,通常営業,10:00-19:00,休業,通常営業,通常営業,通常営業,通常営業
8217,楽天モバイル 泉北パンジョ店,590-0115,大阪府,堺市,通常営業,通常営業,通常営業,通常営業,休業,通常営業,通常営業,通常営業,通常営業
8224,楽天モバイル 和泉観音寺店,594-0065,大阪府,和泉市,通常営業,通常営業,通常営業,10:00-18:00,休業,通常営業,通常営業,通常営業,通常営業
8227,楽天モバイル イオンモール広島祇園店,731-0196,広島県,広島市,通常営業,通常営業,通常営業,10:00-20:00,09:00-21:00,通常営業,通常営業,通常営業,通常営業
8246,Tecc LIFE SELECT 旭川店,070-0823,北海道,旭川市,通常営業,通常営業,通常営業,10:00-19:00,休業,通常営業,通常営業,通常営業,通常営業
8248,楽天モバイル アリオ札幌店,065-8518,北海道,札幌市,通常営業,通常営業,通常営業,10:00-20:00,09:00-20:00,通常営業,通常営業,通常営業,通常営業
8249,楽天モバイル イオンモール浦和美園店,336-8760,埼玉県,さいたま市,通常営業,通常営業,通常営業,10:00-20:00,08:00-20:00,通常営業,通常営業,通常営業,通常営業
8250,エディオン 伊都店,819-0379,福岡県,福岡市,通常営業,通常営業,通常営業,10:00-20:00,09:00-21:00,通常営業,通常営業,通常営業,通常営業
8253,エディオン 浦添パルコシティ店,901-2123,沖縄県,浦添市,通常営業,通常営業,通常営業,09:00-21:00,09:00-21:00,通常営業,通常営業,通常営業,通常営業
8254,エディオン 豊見城ウイングシティ店,901-0242,沖縄県,豊見城市,通常営業,通常営業,通常営業,通常営業,通常営業,通常営業,通常営業,通常営業,通常営業
8262,楽天モバイル ハーヴェストウォーク店,323-0014,栃木県,小山市,通常営業,通常営業,通常営業,10:00-19:00,10:00-19:00,通常営業,通常営業,通常営業,通常営業
8263,100満ボルト 東苗穂店,007-0803,北海道,札幌市,通常営業,通常営業,通常営業,10:00-18:00,休業,10:00-19:00,10:00-19:00,通常営業,通常営業
8269,楽天モバイル 梅田茶屋町店,530-0013,大阪府,大阪市,通常営業,通常営業,通常営業,10:00-18:00,休業,通常営業,通常営業,通常営業,通常営業
8271,エディオン 豊田大林店,473-0902,愛知県,豊田市,通常営業,通常営業,通常営業,10:00-18:00,休業,10:00-19:00,10:00-19:00,10:00-19:00,通常営業
8272,楽天モバイル MARK IS 福岡ももち店,810-8639,福岡県,福岡市,通常営業,通常営業,通常営業,10:00-18:00,10:00-18:00,通常営業,通常営業,通常営業,通常営業
8273,楽天モバイル マルイファミリー志木店,353-0004,埼玉県,志木市,通常営業,通常営業,通常営業,10:30-18:30,休業,休業,休業,通常営業,通常営業
8274,楽天モバイル イオンモール今治新都市店,794-0068,愛媛県,今治市,通常営業,通常営業,通常営業,通常営業,09:00-20:00,通常営業,通常営業,通常営業,通常営業
8275,楽天モバイル 上本町YUFURA店,543-0001,大阪府,大阪市,通常営業,通常営業,通常営業,10:00-18:00,休業,通常営業,通常営業,通常営業,通常営業
8276,エディオン 福岡西店,819-0022,福岡県,福岡市,通常営業,通常営業,通常営業,10:00-18:00,休業,通常営業,通常営業,通常営業,通常営業
8277,楽天モバイル イオンタウン姶良店,899-5431,鹿児島県,姶良市,通常営業,通常営業,通常営業,通常営業,09:00-20:00,通常営業,通常営業,通常営業,通常営業
8278,楽天モバイル 木の葉モール橋本店,819-0031,福岡県,福岡市,通常営業,通常営業,通常営業,通常営業,通常営業,通常営業,通常営業,通常営業,休業
8279,エディオン 日進竹の山店,470-0136,愛知県,日進市,通常営業,通常営業,通常営業,通常営業,休業,通常営業,通常営業,通常営業,通常営業
8280,ケーズデンキ 西神戸店,651-2135,兵庫県,神戸市,通常営業,通常営業,通常営業,10:00-19:00,休業,通常営業,通常営業,通常営業,通常営業
8282,ケーズデンキ 尼崎浜田店,660-0072,兵庫県,尼崎市,通常営業,通常営業,通常営業,10:00-19:00,休業,10:00-19:00,10:00-19:00,通常営業,通常営業
8283,ケーズデンキ わさだタウン店,870-1155,大分県,大分市,通常営業,通常営業,通常営業,10:00-19:00,休業,10:00-19:00,10:00-19:00,通常営業,通常営業
8284,ケーズデンキ 佐世保店,857-1161,長崎県,佐世保市,通常営業,通常営業,通常営業,10:00-19:00,休業,通常営業,通常営業,通常営業,通常営業
8285,ケーズデンキ 薩摩川内店,895-0031,鹿児島県,薩摩川内市,通常営業,通常営業,通常営業,通常営業,休業,通常営業,通常営業,通常営業,通常営業
8286,ケーズデンキ 諫早店,854-0036,長崎県,諫早市,通常営業,通常営業,通常営業,10:00-19:00,休業,10:00-19:00,10:00-19:00,通常営業,通常営業
8287,ケーズデンキ 出水店,899-0125,鹿児島県,出水市,通常営業,通常営業,通常営業,通常営業,休業,通常営業,通常営業,通常営業,通常営業
8288,楽天モバイル 船堀店,134-0091,東京都,江戸川区,通常営業,通常営業,通常営業,10:00-18:00,休業,通常営業,通常営業,通常営業,通常営業
8289,楽天モバイル ヴェルサウォーク西尾店,445-0064,愛知県,西尾市,通常営業,通常営業,通常営業,通常営業,通常営業,通常営業,通常営業,通常営業,通常営業
8290,エディオン 柴田店,457-0806,愛知県,名古屋市,通常営業,通常営業,通常営業,10:00-18:00,休業,10:00-19:00,10:00-19:00,通常営業,通常営業
8292,楽天モバイル 瑞江店,132-0011,東京都,江戸川区,通常営業,通常営業,通常営業,10:00-18:00,休業,通常営業,通常営業,通常営業,通常営業
8293,楽天モバイル イオンモールりんくう泉南店,590-0535,大阪府,泉南市,通常営業,通常営業,通常営業,10:00-20:00,09:00-21:00,通常営業,通常営業,通常営業,通常営業
8294,エディオン 海田店,736-0052,広島県,安芸郡,休業,通常営業,通常営業,10:00-15:00,休業,通常営業,通常営業,通常営業,通常営業
8297,楽天モバイル 難波なんさん通り店,556-0011,大阪府,大阪市,通常営業,通常営業,通常営業,10:00-18:00,休業,通常営業,通常営業,通常営業,通常営業
8298,エディオン ホームズ川崎大師店,210-0818,神奈川県,川崎市,通常営業,通常営業,通常営業,10:00-19:00,10:00-19:00,通常営業,通常営業,通常営業,通常営業
8299,エディオン ダイナシティ小田原店,250-0872,神奈川県,小田原市,通常営業,通常営業,通常営業,通常営業,通常営業,通常営業,通常営業,通常営業,通常営業
8301,ビックカメラ 船橋FACE店,273-0005,千葉県,船橋市,通常営業,通常営業,通常営業,10:00-19:00,10:00-19:00,10:00-20:00,10:00-20:00,通常営業,通常営業
8304,ジョーシン 一宮尾西店,494-0002,愛知県,一宮市,通常営業,通常営業,通常営業,10:00-18:30,休業,10:00-19:00,10:00-19:00,通常営業,通常営業
8305,ジョーシン 岡崎イオンモール店,444-0840,愛知県,岡崎市,通常営業,通常営業,通常営業,10:00-20:00,08:00-20:00,通常営業,通常営業,通常営業,通常営業
8306,ジョーシン 平野加美店,547-0001,大阪府,大阪市,通常営業,通常営業,通常営業,10:00-18:30,休業,10:00-19:00,10:00-19:00,通常営業,通常営業
8308,ジョーシン 明石大久保店,674-0068,兵庫県,明石市,通常営業,通常営業,通常営業,10:00-18:30,休業,通常営業,通常営業,通常営業,通常営業
8309,ジョーシン 堅田アル・プラザ店,520-0242,滋賀県,大津市,通常営業,通常営業,通常営業,09:00-20:00,10:00-19:00,10:00-19:00,10:00-19:00,通常営業,通常営業
8310,ジョーシン 白山イオンモール店,924-8777,石川県,白山市,通常営業,通常営業,通常営業,10:00-19:00,09:00-21:00,09:00-21:00,通常営業,通常営業,通常営業
8311,ジョーシン セブンパーク天美店,580-0032,大阪府,松原市,通常営業,通常営業,通常営業,通常営業,通常営業,通常営業,通常営業,通常営業,通常営業
8312,ジョーシン つかしん店,661-0001,兵庫県,尼崎市,通常営業,通常営業,通常営業,10:00-20:00,休業,09:30-20:00,通常営業,通常営業,通常営業
8313,ジョーシン 高蔵寺店,487-0011,愛知県,春日井市,通常営業,通常営業,通常営業,通常営業,通常営業,通常営業,通常営業,通常営業,通常営業
8314,楽天モバイル 大塚店,170-0005,東京都,豊島区,通常営業,通常営業,通常営業,10:00-18:00,休業,通常営業,通常営業,通常営業,通常営業
8315,ジョーシン 鴻巣店,369-0131,埼玉県,鴻巣市,通常営業,通常営業,通常営業,10:00-18:30,休業,10:00-19:00,10:00-19:00,通常営業,通常営業
8316,ジョーシン 堺中央環状店,591-8025,大阪府,堺市,通常営業,通常営業,通常営業,10:00-18:30,休業,10:00-19:00,10:00-19:00,通常営業,通常営業
8317,ジョーシン 小牧店,485-0033,愛知県,小牧市,通常営業,通常営業,通常営業,10:00-18:30,休業,10:00-19:00,10:00-19:00,通常営業,通常営業
8318,エディオン オアシスタウン吹田SST店,564-0002,大阪府,吹田市,通常営業,通常営業,通常営業,10:00-18:00,10:00-18:00,通常営業,通常営業,通常営業,通常営業
8320,楽天モバイル イオンモール旭川駅前店,070-0030,北海道,旭川市,通常営業,09:00-21:00,09:00-21:00,09:00-19:00,09:00-19:00,09:00-21:00,09:00-21:00,通常営業,通常営業
8321,コジマ×ビックカメラ KAMEIDO CLOCK店,136-0071,東京都,江東区,通常営業,通常営業,通常営業,10:00-19:00,休業,10:00-19:00,通常営業,通常営業,通常営業
8322,コジマ×ビックカメラ COTOE流山おおたかの森店,270-0128,千葉県,流山市,通常営業,通常営業,10:00-19:00,10:00-19:00,10:00-19:00,10:00-19:00,10:00-19:00,10:00-19:00,10:00-19:00
8324,ケーズデンキ 仙台西店,989-3204,宮城県,仙台市,通常営業,通常営業,通常営業,10:00-19:00,休業,08:00-19:00,通常営業,通常営業,通常営業
8326,ケーズデンキ 釧路本店,084-0906,北海道,釧路市,通常営業,通常営業,通常営業,10:00-19:00,休業,通常営業,通常営業,通常営業,通常営業
8327,ケーズデンキ 北見店,090-0051,北海道,北見市,通常営業,通常営業,通常営業,10:00-19:00,休業,通常営業,通常営業,通常営業,通常営業
8328,ケーズデンキ 沖浜店,770-8053,徳島県,徳島市,通常営業,通常営業,通常営業,10:00-19:00,休業,10:00-19:00,10:00-19:00,通常営業,通常営業
8329,ケーズデンキ 行橋店,824-0032,福岡県,行橋市,通常営業,通常営業,通常営業,10:00-19:00,休業,10:00-19:00,10:00-19:00,通常営業,通常営業
8330,ケーズデンキ 荒尾店,864-0001,熊本県,荒尾市,通常営業,通常営業,通常営業,10:00-19:00,休業,10:00-19:00,10:00-19:00,通常営業,通常営業
8331,楽天モバイル イオンモール高知店,780-0026,高知県,高知市,通常営業,通常営業,通常営業,10:00-20:00,通常営業,通常営業,通常営業,通常営業,通常営業
8332,楽天モバイル イオンモール直方店,822-0008,福岡県,直方市,通常営業,通常営業,通常営業,10:00-20:00,09:00-21:00,通常営業,通常営業,通常営業,通常営業
8333,楽天モバイル イオンモール猪名川店,666-0257,兵庫県,川辺郡,通常営業,通常営業,通常営業,通常営業,通常営業,通常営業,通常営業,通常営業,通常営業
8335,楽天モバイル イオンモール水戸内原店,319-0317,茨城県,水戸市,通常営業,通常営業,通常営業,10:00-20:00,09:00-21:00,通常営業,通常営業,通常営業,通常営業
8336,楽天モバイル 練馬店,176-0001,東京都,練馬区,通常営業,通常営業,通常営業,10:00-18:00,休業,休業,休業,通常営業,通常営業
8337,楽天モバイル 上大岡camio店,233-0002,神奈川県,横浜市,通常営業,通常営業,通常営業,10:30-18:00,休業,10:30-18:00,10:30-18:00,通常営業,通常営業
8341,テックランド ららぽーと福岡店,812-8627,福岡県,福岡市,通常営業,通常営業,通常営業,10:00-19:00,10:00-20:00,通常営業,通常営業,通常営業,通常営業
8342,Tecc LIFE SELECT 高知本店,781-5104,高知県,高知市,通常営業,通常営業,通常営業,10:00-19:00,休業,通常営業,通常営業,通常営業,通常営業
8344,楽天モバイル じゃんぼスクエア河内長野店,586-0024,大阪府,河内長野市,通常営業,通常営業,通常営業,10:00-19:00,休業,休業,休業,通常営業,通常営業
8345,楽天モバイル 大宮ステラタウン店,331-0812,埼玉県,さいたま市,通常営業,通常営業,通常営業,10:00-19:00,09:00-20:00,10:00-20:00,10:00-20:00,通常営業,通常営業
8346,楽天モバイル 日吉東急アベニュー店,223-0061,神奈川県,横浜市,通常営業,通常営業,通常営業,10:00-18:30,休業,10:00-18:30,通常営業,通常営業,通常営業
8347,楽天モバイル イオンモール山形南店,990-2453,山形県,山形市,通常営業,通常営業,通常営業,通常営業,通常営業,通常営業,通常営業,通常営業,通常営業
8348,楽天モバイル イトーヨーカドー郡山店,963-8022,福島県,郡山市,通常営業,通常営業,通常営業,10:00-20:00,10:00-19:00,10:00-19:00,10:00-19:00,通常営業,通常営業
8349,100満ボルト 福井南本店,918-8025,福井県,福井市,通常営業,通常営業,通常営業,10:00-18:00,休業,10:00-19:00,10:00-19:00,通常営業,通常営業
8350,楽天モバイル イオンタウン鈴鹿玉垣店,513-0816,三重県,鈴鹿市,通常営業,通常営業,通常営業,休業,休業,通常営業,通常営業,通常営業,通常営業
8352,ケーズデンキ 東住吉中野店,546-0012,大阪府,大阪市,通常営業,通常営業,通常営業,10:00-19:00,休業,10:00-19:00,10:00-19:00,通常営業,通常営業
8356,ケーズデンキ 大河原店,989-1225,宮城県,柴田郡,通常営業,通常営業,通常営業,09:30-19:00,休業,09:00-19:00,通常営業,通常営業,通常営業
8357,ケーズデンキ 江別店,067-0064,北海道,江別市,通常営業,通常営業,通常営業,10:00-19:00,休業,10:00-19:00,10:00-19:00,通常営業,通常営業
8358,ケーズデンキ 発寒店,063-0833,北海道,札幌市,通常営業,通常営業,通常営業,10:00-19:00,休業,通常営業,通常営業,通常営業,通常営業
8359,ケーズデンキ 平岸店,062-0931,北海道,札幌市,通常営業,通常営業,通常営業,10:00-19:00,休業,通常営業,通常営業,通常営業,通常営業
8360,ケーズデンキ 厚別店,004-0005,北海道,札幌市,通常営業,通常営業,通常営業,10:00-19:00,休業,通常営業,通常営業,通常営業,通常営業
8361,ケーズデンキ 苫小牧店,053-0052,北海道,苫小牧市,通常営業,通常営業,通常営業,10:00-19:00,休業,通常営業,通常営業,通常営業,通常営業
8363,ケーズデンキ 室蘭モルエ店,050-0075,北海道,室蘭市,通常営業,通常営業,通常営業,通常営業,休業,通常営業,通常営業,通常営業,通常営業
8364,楽天モバイル ゆめタウン久留米店,839-0865,福岡県,久留米市,通常営業,通常営業,通常営業,10:00-18:00,10:00-18:00,通常営業,通常営業,通常営業,通常営業
8366,楽天モバイル イオンモール富士宮店,418-0032,静岡県,富士宮市,通常営業,通常営業,通常営業,通常営業,09:00-21:00,通常営業,通常営業,通常営業,通常営業
8367,テックランド 静岡国吉田店,422-8004,静岡県,静岡市,通常営業,通常営業,通常営業,10:00-19:00,休業,10:00-20:00,10:00-20:00,通常営業,通常営業
8368,ベスト電器 岡山本店,700-0973,岡山県,岡山市,通常営業,通常営業,通常営業,10:00-20:00,休業,通常営業,通常営業,通常営業,通常営業
8369,Tecc LIFE SELECT 高松春日本店,761-0101,香川県,高松市,通常営業,通常営業,通常営業,10:00-19:00,休業,通常営業,通常営業,通常営業,通常営業
8371,Tecc LIFE SELECT 松本本店,390-0827,長野県,松本市,通常営業,通常営業,通常営業,10:00-19:00,休業,通常営業,通常営業,通常営業,通常営業
8372,エディオン 清水店,424-0043,静岡県,静岡市,通常営業,通常営業,通常営業,10:00-18:00,休業,通常営業,通常営業,通常営業,通常営業
8373,エディオン 浜松半田店,431-3124,静岡県,浜松市,通常営業,通常営業,通常営業,10:00-18:00,休業,通常営業,通常営業,通常営業,通常営業
8374,ケーズデンキ 北上店,024-0072,岩手県,北上市,通常営業,通常営業,通常営業,10:00-19:00,休業,通常営業,通常営業,通常営業,通常営業
8376,コジマ×ビックカメラ 富士店,416-0931,静岡県,富士市,通常営業,通常営業,10:00-19:00,10:00-19:00,10:00-19:00,10:00-19:00,10:00-19:00,10:00-19:00,10:00-19:00
8378,ケーズデンキ 静岡駿河店,422-8027,静岡県,静岡市,通常営業,通常営業,通常営業,10:00-19:00,休業,10:00-19:00,10:00-19:00,通常営業,通常営業
8380,エディオン 宇品店,734-0014,広島県,広島市,通常営業,通常営業,通常営業,10:00-18:00,10:00-18:00,10:00-19:00,通常営業,通常営業,通常営業
8381,エディオン トキハ別府店,874-0920,大分県,別府市,通常営業,通常営業,通常営業,09:30-18:00,通常営業,通常営業,通常営業,通常営業,通常営業
8384,楽天モバイル ニトリモール枚方店,573-0171,大阪府,枚方市,通常営業,通常営業,通常営業,10:00-20:00,通常営業,通常営業,通常営業,通常営業,通常営業
8385,100満ボルト 金沢高柳店,920-0005,石川県,金沢市,通常営業,通常営業,通常営業,10:00-18:00,休業,通常営業,通常営業,通常営業,通常営業
8390,ケーズデンキ 十和田店,034-0003,青森県,十和田市,通常営業,通常営業,通常営業,10:00-19:00,休業,09:30-18:30,通常営業,通常営業,通常営業
8391,エディオン アクロスプラザ三原店,723-0015,広島県,三原市,通常営業,通常営業,通常営業,10:00-18:00,10:00-19:00,通常営業,通常営業,通常営業,通常営業
8393,楽天モバイル 藤沢店,251-0055,神奈川県,藤沢市,通常営業,通常営業,通常営業,通常営業,通常営業,通常営業,通常営業,通常営業,通常営業
8397,楽天モバイル シンフォニープラザ沼館店,031-0071,青森県,八戸市,通常営業,通常営業,通常営業,10:00-19:00,休業,休業,通常営業,通常営業,通常営業
8398,楽天モバイル 浅草店,111-0032,東京都,台東区,通常営業,通常営業,通常営業,10:00-18:00,休業,通常営業,通常営業,通常営業,通常営業
8399,テックランド 星ヶ丘店,464-0801,愛知県,名古屋市,通常営業,通常営業,通常営業,10:00-19:00,休業,通常営業,通常営業,通常営業,通常営業
8402,楽天モバイル 名古屋栄大津通店,460-0008,愛知県,名古屋市,通常営業,通常営業,通常営業,10:00-18:00,休業,通常営業,通常営業,通常営業,通常営業
8403,ベスト電器 イオン那覇店,901-0155,沖縄県,那覇市,通常営業,通常営業,通常営業,通常営業,通常営業,通常営業,通常営業,通常営業,通常営業
8404,ベスト電器 イオン南風原店,901-1104,沖縄県,島尻郡,通常営業,通常営業,通常営業,通常営業,通常営業,通常営業,通常営業,通常営業,通常営業
8405,ベスト電器 福岡伊都店,819-0379,福岡県,福岡市,通常営業,通常営業,通常営業,10:00-19:00,休業,通常営業,通常営業,通常営業,通常営業
8406,ベスト電器 福岡太宰府店,818-0135,福岡県,太宰府市,通常営業,通常営業,通常営業,10:00-19:00,休業,通常営業,通常営業,通常営業,通常営業
8407,ベスト電器 都城店,885-0023,宮崎県,都城市,通常営業,通常営業,通常営業,通常営業,通常営業,通常営業,通常営業,通常営業,通常営業
8410,テックランド 芦屋店,659-0092,兵庫県,芦屋市,通常営業,通常営業,通常営業,通常営業,休業,休業,通常営業,通常営業,通常営業
8411,楽天モバイル アリオ川口店,332-0033,埼玉県,川口市,通常営業,通常営業,通常営業,通常営業,09:00-21:00,通常営業,通常営業,通常営業,通常営業
8412,楽天モバイル 表参道店,150-0001,東京都,渋谷区,通常営業,通常営業,通常営業,10:00-18:00,休業,通常営業,通常営業,通常営業,通常営業
8414,楽天モバイル 中部国際空港セントレア店,479-0881,愛知県,常滑市,通常営業,通常営業,通常営業,通常営業,通常営業,通常営業,通常営業,通常営業,通常営業
8415,楽天モバイル 東京ソラマチ店,131-0045,東京都,墨田区,通常営業,通常営業,通常営業,10:00-20:00,09:20-21:00,通常営業,通常営業,通常営業,通常営業
8416,Tecc LIFE SELECT 函館本店,041-0806,北海道,函館市,通常営業,通常営業,通常営業,10:00-19:00,休業,10:00-20:00,通常営業,通常営業,通常営業
8418,テックランド 秋田本店,010-0976,秋田県,秋田市,通常営業,通常営業,通常営業,10:00-19:00,休業,通常営業,通常営業,通常営業,通常営業
8420,ケーズデンキ 仙台荒井店,984-0017,宮城県,仙台市,通常営業,通常営業,通常営業,10:00-19:00,休業,08:00-19:00,通常営業,通常営業,通常営業
8421,Tecc LIFE SELECT 神戸垂水店,655-0001,兵庫県,神戸市,通常営業,通常営業,通常営業,10:00-19:00,休業,通常営業,通常営業,通常営業,通常営業
8422,コジマ×ビックカメラ 宇都宮テラス店,321-0969,栃木県,宇都宮市,通常営業,通常営業,10:00-19:00,10:00-19:00,10:00-19:00,10:00-19:00,10:00-19:00,10:00-19:00,10:00-19:00
8423,テックランド 福井本店,918-8026,福井県,福井市,通常営業,通常営業,通常営業,通常営業,休業,通常営業,通常営業,通常営業,通常営業
8424,家電住まいる館YAMADA新潟錦町本店,950-0062,新潟県,新潟市,通常営業,通常営業,通常営業,11:00-19:00,休業,通常営業,通常営業,通常営業,通常営業
8429,楽天モバイル イオン延岡SC店,882-0847,宮崎県,延岡市,通常営業,通常営業,通常営業,10:00-19:00,09:00-20:00,通常営業,通常営業,通常営業,通常営業
8431,テックランド ビバホーム八王子多摩美大前店,192-0375,東京都,八王子市,通常営業,休業,通常営業,通常営業,休業,通常営業,通常営業,通常営業,休業
8432,YAMADA web.com 大垣店,503-0015,岐阜県,大垣市,通常営業,通常営業,通常営業,10:00-19:00,休業,通常営業,通常営業,通常営業,通常営業
8433,テックランド 小山店,323-0022,栃木県,小山市,通常営業,休業,通常営業,通常営業,休業,通常営業,通常営業,通常営業,休業
8434,楽天モバイル 御影クラッセ店,658-0054,兵庫県,神戸市,通常営業,通常営業,10:00-20:00,10:00-18:00,休業,10:00-20:00,10:00-20:00,通常営業,通常営業
8435,ケーズデンキ 燕三条店,959-1232,新潟県,燕市,通常営業,通常営業,通常営業,09:30-19:00,休業,09:30-19:00,09:30-19:00,通常営業,通常営業
8436,ケーズデンキ 松本宮田店,399-0001,長野県,松本市,通常営業,通常営業,通常営業,10:00-19:00,休業,10:00-19:00,10:00-19:00,通常営業,通常営業
8437,ケーズデンキ 富山本店,939-8272,富山県,富山市,通常営業,通常営業,通常営業,通常営業,休業,通常営業,通常営業,通常営業,通常営業
8438,楽天モバイル 蔦屋書店フォレストモール佐久平店,385-0022,長野県,佐久市,通常営業,通常営業,通常営業,通常営業,通常営業,通常営業,通常営業,通常営業,通常営業
8439,楽天モバイル ネクスト船橋店,273-0005,千葉県,船橋市,通常営業,通常営業,通常営業,10:00-20:00,休業,通常営業,通常営業,通常営業,通常営業
8440,楽天モバイル イオンモール土岐店,509-5122,岐阜県,土岐市,通常営業,通常営業,通常営業,通常営業,09:00-21:00,09:00-21:00,09:00-21:00,09:00-21:00,通常営業
8441,ケーズデンキ 一関店,021-0002,岩手県,一関市,休業,通常営業,通常営業,通常営業,休業,通常営業,通常営業,通常営業,通常営業
8442,ケーズデンキ 佐沼店,987-0404,宮城県,登米市,通常営業,通常営業,通常営業,10:00-19:00,休業,09:00-19:00,通常営業,通常営業,通常営業
8443,ケーズデンキ 恵庭店,061-1376,北海道,恵庭市,通常営業,通常営業,通常営業,10:00-19:00,休業,通常営業,通常営業,通常営業,通常営業
8444,ケーズデンキ 滝川店,073-0024,北海道,滝川市,通常営業,通常営業,通常営業,10:00-19:00,休業,通常営業,通常営業,通常営業,通常営業
8445,ケーズデンキ 那珂店,311-0105,茨城県,那珂市,通常営業,通常営業,通常営業,10:00-19:00,休業,10:00-19:00,10:00-19:00,通常営業,通常営業
8446,ケーズデンキ 湘南平塚本店,254-0013,神奈川県,平塚市,通常営業,通常営業,通常営業,10:00-19:00,休業,10:00-19:00,10:00-19:00,通常営業,通常営業
8447,ジョーシン 土岐イオンモール店,509-5122,岐阜県,土岐市,通常営業,通常営業,通常営業,通常営業,通常営業,通常営業,通常営業,通常営業,通常営業
8448,ビックカメラ 千葉駅前店,260-0015,千葉県,千葉市,通常営業,通常営業,通常営業,10:00-19:00,10:00-19:00,10:00-20:00,10:00-20:00,通常営業,通常営業
8449,楽天モバイル イオンモール白山店,924-8777,石川県,白山市,通常営業,通常営業,通常営業,10:00-19:00,09:00-21:00,09:00-21:00,通常営業,通常営業,通常営業
8450,楽天モバイル ららぽーと堺店,587-8577,大阪府,堺市,10:00-21:00,10:00-21:00,通常営業,10:00-19:00,10:00-20:00,10:00-21:00,10:00-21:00,10:00-21:00,10:00-21:00
8451,ケーズデンキ 東広島店,739-0021,広島県,東広島市,通常営業,通常営業,通常営業,10:00-19:00,休業,10:00-19:00,10:00-19:00,通常営業,通常営業
8453,テックランド 亀田店,950-0148,新潟県,新潟市,通常営業,通常営業,通常営業,10:00-19:00,休業,通常営業,通常営業,通常営業,通常営業
8455,Tecc LIFE SELECT 仙台あすと長町店,982-0007,宮城県,仙台市,通常営業,通常営業,通常営業,10:00-20:00,休業,08:00-19:00,通常営業,通常営業,通常営業
8456,テックランド マーサ21店,502-0882,岐阜県,岐阜市,通常営業,通常営業,通常営業,10:00-18:00,休業,通常営業,通常営業,通常営業,通常営業
8457,テックランド ららぽーと堺店,587-0002,大阪府,堺市,通常営業,通常営業,通常営業,10:00-19:00,10:00-20:00,通常営業,通常営業,通常営業,通常営業
8458,楽天モバイル 神戸親和大学店,651-1111,兵庫県,神戸市,休業,休業,休業,休業,休業,休業,休業,休業,休業
8459,楽天モバイル 東急百貨店たまプラーザ店,225-0002,神奈川県,横浜市,通常営業,通常営業,通常営業,10:00-18:30,休業,10:00-18:30,通常営業,通常営業,通常営業
8460,ケーズデンキ 旭川春光店,070-0871,北海道,旭川市,通常営業,通常営業,通常営業,10:00-19:00,休業,通常営業,通常営業,通常営業,通常営業
8461,ジョーシン 和歌山店,640-8319,和歌山県,和歌山市,通常営業,通常営業,通常営業,10:00-18:30,休業,10:00-19:00,10:00-19:00,通常営業,通常営業
8462,ケーズデンキ 佐伯店,876-0047,大分県,佐伯市,通常営業,通常営業,通常営業,10:00-19:00,休業,10:00-19:00,10:00-19:00,通常営業,通常営業
8463,エディオン 柳井店,742-0031,山口県,柳井市,通常営業,通常営業,通常営業,10:00-18:00,休業,通常営業,通常営業,通常営業,通常営業
8464,ケーズデンキ 市原五井店,290-0050,千葉県,市原市,通常営業,通常営業,通常営業,10:00-19:00,休業,10:00-19:00,10:00-19:00,通常営業,通常営業
8465,ジョーシン 水口店,528-0057,滋賀県,甲賀市,通常営業,通常営業,通常営業,10:00-18:30,休業,10:00-19:00,10:00-19:00,通常営業,通常営業
8466,楽天モバイル アリオ橋本店,252-0146,神奈川県,相模原市,通常営業,通常営業,通常営業,10:00-20:00,09:00-21:00,通常営業,通常営業,通常営業,通常営業
8467,エディオン 瀬谷店,246-0035,神奈川県,横浜市,通常営業,通常営業,通常営業,10:00-18:00,休業,10:00-18:00,通常営業,通常営業,通常営業
8468,楽天モバイル 成田国際空港 第1ターミナル中央4階店,282-0011,千葉県,成田市,通常営業,通常営業,通常営業,通常営業,通常営業,通常営業,通常営業,通常営業,通常営業
8469,楽天モバイル イオンモール八千代緑が丘店,276-0049,千葉県,八千代市,通常営業,通常営業,通常営業,10:00-20:00,08:00-21:00,通常営業,通常営業,通常営業,通常営業
8470,ケーズデンキ 西宮えびす南店,662-0942,兵庫県,西宮市,通常営業,通常営業,通常営業,10:00-19:00,休業,10:00-19:00,10:00-19:00,通常営業,通常営業
8471,YAMADA web.com 高崎問屋町店,370-0073,群馬県,高崎市,通常営業,通常営業,通常営業,通常営業,休業,通常営業,通常営業,通常営業,通常営業
8472,ケーズデンキ 霧島店,899-5102,鹿児島県,霧島市,通常営業,通常営業,通常営業,10:00-19:00,休業,10:00-19:00,10:00-19:00,通常営業,通常営業
8473,エディオン 鹿児島国分山形屋店,899-4332,鹿児島県,霧島市,通常営業,通常営業,通常営業,10:00-18:00,休業,09:30-18:00,通常営業,通常営業,通常営業
8474,Tecc LIFE SELECT 尼崎店,661-0965,兵庫県,尼崎市,通常営業,通常営業,通常営業,10:00-19:00,休業,10:00-20:00,通常営業,通常営業,通常営業
8476,楽天モバイル イオンモール豊川店,442-0848,愛知県,豊川市白鳥町,通常営業,通常営業,通常営業,10:00-20:00,09:00-21:00,通常営業,通常営業,通常営業,通常営業
8477,楽天モバイル ららぽーとTOKYO-BAY店,273-8530,千葉県,船橋市,10:00-21:00,10:00-21:00,通常営業,10:00-19:00,09:00-19:00,10:00-21:00,10:00-21:00,10:00-21:00,10:00-21:00
8478,楽天モバイル 立川フロム中武店,190-0012,東京都,立川市,通常営業,通常営業,通常営業,10:00-18:00,休業,11:00-18:00,11:00-18:00,通常営業,通常営業
8479,楽天モバイル 大宮マルイ店,330-9501,埼玉県,さいたま市,通常営業,通常営業,通常営業,10:30-18:30,休業,休業,通常営業,通常営業,通常営業
8480,楽天モバイル ヤエチカ店,104-0028,東京都,中央区,通常営業,通常営業,通常営業,10:00-18:00,休業,10:00-18:00,通常営業,通常営業,通常営業
8481,楽天モバイル 柏高島屋ステーションモール店,277-8550,千葉県,柏市,通常営業,通常営業,通常営業,10:00-18:00,休業,10:00-19:30,通常営業,通常営業,通常営業
8484,ピーシーデポ スマートライフ世田谷砧店,157-0073,東京都,世田谷区,通常営業,通常営業,通常営業,休業,休業,10:00-18:00,10:00-18:00,通常営業,通常営業
8485,ピーシーデポ スマートライフ平和台店,179-0083,東京都,練馬区,通常営業,通常営業,通常営業,休業,休業,10:00-18:00,10:00-18:00,通常営業,通常営業
8486,ピーシーデポスマートライフ 調布仙川店,181-0005,東京都,三鷹市,通常営業,通常営業,通常営業,休業,休業,10:00-18:00,10:00-18:00,通常営業,通常営業
8487,楽天モバイル ららぽーと門真店,571-8620,大阪府,門真市,通常営業,通常営業,通常営業,10:00-19:00,09:30-20:00,通常営業,通常営業,通常営業,通常営業
8488,Tecc LIFE SELECT 前橋吉岡店,370-3602,群馬県,北群馬郡,通常営業,通常営業,通常営業,09:30-19:00,休業,09:30-20:00,通常営業,通常営業,通常営業
8489,LABI 藤沢店,251-0052,神奈川県,藤沢市,通常営業,通常営業,通常営業,10:00-19:00,休業,通常営業,通常営業,通常営業,通常営業
8491,Tecc LIFE SELECT 狭山店,350-1333,埼玉県,狭山市,通常営業,通常営業,通常営業,10:00-19:00,休業,10:00-20:00,通常営業,通常営業,通常営業
8492,Tecc LIFE SELECT 野々市御経塚店,921-8801,石川県,野々市市,通常営業,通常営業,通常営業,09:00-19:00,休業,10:00-20:00,通常営業,通常営業,通常営業
8493,楽天モバイル 十条店,114-0031,東京都,北区,通常営業,通常営業,通常営業,休業,休業,通常営業,通常営業,通常営業,通常営業
8494,モバワン 赤羽店,115-0045,東京都,北区,通常営業,通常営業,11:00-18:00,休業,休業,休業,休業,通常営業,通常営業
8495,モバワン 江古田店,176-0006,東京都,練馬区,通常営業,休業,休業,休業,休業,休業,休業,休業,通常営業
8496,モバワン 伊勢佐木モール店,231-0045,神奈川県,横浜市,通常営業,通常営業,通常営業,休業,休業,通常営業,通常営業,通常営業,通常営業
8498,楽天モバイル ミスターマックス湘南藤沢店,251-0042,神奈川県,藤沢市,通常営業,通常営業,通常営業,休業,休業,10:00-18:00,10:00-18:00,通常営業,通常営業